

-- # REGIONS
INSERT INTO regions (id, name, code, deleted_at, created_at, updated_at)
VALUES (1, 'Arusha', 'ARS', null, CURRENT_TIMESTAMP, CURRENT_TIMESTAMP);
INSERT INTO regions (id, name, code, deleted_at, created_at, updated_at)
VALUES (2, 'DAR ES SALAAM', 'DAR', null, CURRENT_TIMESTAMP, CURRENT_TIMESTAMP);
INSERT INTO regions (id, name, code, deleted_at, created_at, updated_at)
VALUES (3, 'Dodoma', 'DDM', null, CURRENT_TIMESTAMP, CURRENT_TIMESTAMP);
INSERT INTO regions (id, name, code, deleted_at, created_at, updated_at)
VALUES (4, 'Geita', 'OTH', null, CURRENT_TIMESTAMP, CURRENT_TIMESTAMP);
INSERT INTO regions (id, name, code, deleted_at, created_at, updated_at)
VALUES (5, 'Iringa', 'IRN', null, CURRENT_TIMESTAMP, CURRENT_TIMESTAMP);
INSERT INTO regions (id, name, code, deleted_at, created_at, updated_at)
VALUES (6, 'Kagera', 'KGR', null, CURRENT_TIMESTAMP, CURRENT_TIMESTAMP);
INSERT INTO regions (id, name, code, deleted_at, created_at, updated_at)
VALUES (7, 'Katavi', 'OTH', null, CURRENT_TIMESTAMP, CURRENT_TIMESTAMP);
INSERT INTO regions (id, name, code, deleted_at, created_at, updated_at)
VALUES (8, 'Kigoma', 'KGM', null, CURRENT_TIMESTAMP, CURRENT_TIMESTAMP);
INSERT INTO regions (id, name, code, deleted_at, created_at, updated_at)
VALUES (9, 'Kilimanjaro', 'KLM', null, CURRENT_TIMESTAMP, CURRENT_TIMESTAMP);
INSERT INTO regions (id, name, code, deleted_at, created_at, updated_at)
VALUES (10, 'Lindi', 'LIN', null, CURRENT_TIMESTAMP, CURRENT_TIMESTAMP);
INSERT INTO regions (id, name, code, deleted_at, created_at, updated_at)
VALUES (11, 'Manyara', 'MNY', null, CURRENT_TIMESTAMP, CURRENT_TIMESTAMP);
INSERT INTO regions (id, name, code, deleted_at, created_at, updated_at)
VALUES (12, 'Mara', 'MAR', null, CURRENT_TIMESTAMP, CURRENT_TIMESTAMP);
INSERT INTO regions (id, name, code, deleted_at, created_at, updated_at)
VALUES (13, 'Mbeya', 'MBY', null, CURRENT_TIMESTAMP, CURRENT_TIMESTAMP);
INSERT INTO regions (id, name, code, deleted_at, created_at, updated_at)
VALUES (14, 'Morogoro', 'MOR', null, CURRENT_TIMESTAMP, CURRENT_TIMESTAMP);
INSERT INTO regions (id, name, code, deleted_at, created_at, updated_at)
VALUES (15, 'Mtwara', 'MTR', null, CURRENT_TIMESTAMP, CURRENT_TIMESTAMP);
INSERT INTO regions (id, name, code, deleted_at, created_at, updated_at)
VALUES (16, 'Mwanza', 'MWZ', null, CURRENT_TIMESTAMP, CURRENT_TIMESTAMP);
INSERT INTO regions (id, name, code, deleted_at, created_at, updated_at)
VALUES (17, 'Njombe', 'OTH', null, CURRENT_TIMESTAMP, CURRENT_TIMESTAMP);
INSERT INTO regions (id, name, code, deleted_at, created_at, updated_at)
VALUES (18, 'Pwani', 'OTH', null, CURRENT_TIMESTAMP, CURRENT_TIMESTAMP);
INSERT INTO regions (id, name, code, deleted_at, created_at, updated_at)
VALUES (19, 'Rukwa', 'RKA', null, CURRENT_TIMESTAMP, CURRENT_TIMESTAMP);
INSERT INTO regions (id, name, code, deleted_at, created_at, updated_at)
VALUES (20, 'Ruvuma', 'RVM', null, CURRENT_TIMESTAMP, CURRENT_TIMESTAMP);
INSERT INTO regions (id, name, code, deleted_at, created_at, updated_at)
VALUES (21, 'Shinyanga', 'SHY', null, CURRENT_TIMESTAMP, CURRENT_TIMESTAMP);
INSERT INTO regions (id, name, code, deleted_at, created_at, updated_at)
VALUES (22, 'Simiyu', 'OTH', null, CURRENT_TIMESTAMP, CURRENT_TIMESTAMP);
INSERT INTO regions (id, name, code, deleted_at, created_at, updated_at)
VALUES (23, 'Singida', 'SIN', null, CURRENT_TIMESTAMP, CURRENT_TIMESTAMP);
INSERT INTO regions (id, name, code, deleted_at, created_at, updated_at)
VALUES (24, 'Songwe', 'OTH', null, CURRENT_TIMESTAMP, CURRENT_TIMESTAMP);
INSERT INTO regions (id, name, code, deleted_at, created_at, updated_at)
VALUES (25, 'Tabora', 'TBR', null, CURRENT_TIMESTAMP, CURRENT_TIMESTAMP);
INSERT INTO regions (id, name, code, deleted_at, created_at, updated_at)
VALUES (26, 'Tanga', 'TAN', null, CURRENT_TIMESTAMP, CURRENT_TIMESTAMP);
INSERT INTO regions (id, name, code, deleted_at, created_at, updated_at)
VALUES (27, 'Unguja Kaskazini', 'UNG', null, CURRENT_TIMESTAMP, CURRENT_TIMESTAMP);
INSERT INTO regions (id, name, code, deleted_at, created_at, updated_at)
VALUES (28, 'Unguja Kusini', 'UNG', null, CURRENT_TIMESTAMP, CURRENT_TIMESTAMP);
INSERT INTO regions (id, name, code, deleted_at, created_at, updated_at)
VALUES (29, 'Pemba Kaskazini', 'PEM', null, CURRENT_TIMESTAMP, CURRENT_TIMESTAMP);
INSERT INTO regions (id, name, code, deleted_at, created_at, updated_at)
VALUES (30, 'Pemba Kusini', 'PEM', null, CURRENT_TIMESTAMP, CURRENT_TIMESTAMP);
INSERT INTO regions (id, name, code, deleted_at, created_at, updated_at)
VALUES (31, 'Mjini Magharibi', 'UNG', null, CURRENT_TIMESTAMP, CURRENT_TIMESTAMP);
INSERT INTO regions (id, name, code, deleted_at, created_at, updated_at)
VALUES (32, 'Overseas', '003', null, CURRENT_TIMESTAMP, CURRENT_TIMESTAMP);


-- # Districts

INSERT INTO districts (id, name, description, region_id, deleted_at, created_at, updated_at)
VALUES (1, 'Arusha', 'ARUSHA MJINI', 1, null, CURRENT_TIMESTAMP, CURRENT_TIMESTAMP);
INSERT INTO districts (id, name, description, region_id, deleted_at, created_at, updated_at)
VALUES (2, 'Karatu', 'KARATU', 1, null, CURRENT_TIMESTAMP, CURRENT_TIMESTAMP);
INSERT INTO districts (id, name, description, region_id, deleted_at, created_at, updated_at)
VALUES (3, 'Longido', 'LONGIDO', 1, null, CURRENT_TIMESTAMP, CURRENT_TIMESTAMP);
INSERT INTO districts (id, name, description, region_id, deleted_at, created_at, updated_at)
VALUES (4, 'Meru', 'MERU', 1, null, CURRENT_TIMESTAMP, CURRENT_TIMESTAMP);
INSERT INTO districts (id, name, description, region_id, deleted_at, created_at, updated_at)
VALUES (5, 'Monduli', 'MONDULI', 1, null, CURRENT_TIMESTAMP, CURRENT_TIMESTAMP);
INSERT INTO districts (id, name, description, region_id, deleted_at, created_at, updated_at)
VALUES (6, 'Ngorongoro', 'NGORONGORO', 1, null, CURRENT_TIMESTAMP, CURRENT_TIMESTAMP);
INSERT INTO districts (id, name, description, region_id, deleted_at, created_at, updated_at)
VALUES (7, 'ILALA', 'ILALA', 2, null, CURRENT_TIMESTAMP, CURRENT_TIMESTAMP);
INSERT INTO districts (id, name, description, region_id, deleted_at, created_at, updated_at)
VALUES (8, 'Kinondoni', 'KINONDONI', 2, null, CURRENT_TIMESTAMP, CURRENT_TIMESTAMP);
INSERT INTO districts (id, name, description, region_id, deleted_at, created_at, updated_at)
VALUES (9, 'Temeke', 'TEMEKE', 2, null, CURRENT_TIMESTAMP, CURRENT_TIMESTAMP);
INSERT INTO districts (id, name, description, region_id, deleted_at, created_at, updated_at)
VALUES (10, 'Kigamboni', 'KINONDONI', 2, null, CURRENT_TIMESTAMP, CURRENT_TIMESTAMP);
INSERT INTO districts (id, name, description, region_id, deleted_at, created_at, updated_at)
VALUES (11, 'Ubungo', 'KINONDONI', 2, null, CURRENT_TIMESTAMP, CURRENT_TIMESTAMP);
INSERT INTO districts (id, name, description, region_id, deleted_at, created_at, updated_at)
VALUES (12, 'Bahi', 'BAHI', 3, null, CURRENT_TIMESTAMP, CURRENT_TIMESTAMP);
INSERT INTO districts (id, name, description, region_id, deleted_at, created_at, updated_at)
VALUES (13, 'Chamwino', 'CHAMWINO', 3, null, CURRENT_TIMESTAMP, CURRENT_TIMESTAMP);
INSERT INTO districts (id, name, description, region_id, deleted_at, created_at, updated_at)
VALUES (14, 'Chemba', 'CHEMBA', 3, null, CURRENT_TIMESTAMP, CURRENT_TIMESTAMP);
INSERT INTO districts (id, name, description, region_id, deleted_at, created_at, updated_at)
VALUES (15, 'Dodoma', 'DODOMA MJINI', 3, null, CURRENT_TIMESTAMP, CURRENT_TIMESTAMP);
INSERT INTO districts (id, name, description, region_id, deleted_at, created_at, updated_at)
VALUES (16, 'Kondoa', 'KONDOA', 3, null, CURRENT_TIMESTAMP, CURRENT_TIMESTAMP);
INSERT INTO districts (id, name, description, region_id, deleted_at, created_at, updated_at)
VALUES (17, 'Kongwa', 'KONGWA', 3, null, CURRENT_TIMESTAMP, CURRENT_TIMESTAMP);
INSERT INTO districts (id, name, description, region_id, deleted_at, created_at, updated_at)
VALUES (18, 'Mpwapwa', 'MPWAPWA', 3, null, CURRENT_TIMESTAMP, CURRENT_TIMESTAMP);
INSERT INTO districts (id, name, description, region_id, deleted_at, created_at, updated_at)
VALUES (19, 'Bukombe', 'BUKOMBE', 4, null, CURRENT_TIMESTAMP, CURRENT_TIMESTAMP);
INSERT INTO districts (id, name, description, region_id, deleted_at, created_at, updated_at)
VALUES (20, 'Chato', 'CHATO', 4, null, CURRENT_TIMESTAMP, CURRENT_TIMESTAMP);
INSERT INTO districts (id, name, description, region_id, deleted_at, created_at, updated_at)
VALUES (21, 'Geita', 'GEITA', 4, null, CURRENT_TIMESTAMP, CURRENT_TIMESTAMP);
INSERT INTO districts (id, name, description, region_id, deleted_at, created_at, updated_at)
VALUES (22, 'Mbogwe', 'MBONGWE', 4, null, CURRENT_TIMESTAMP, CURRENT_TIMESTAMP);
INSERT INTO districts (id, name, description, region_id, deleted_at, created_at, updated_at)
VALUES (23, 'Nyang''hwale', 'NYANG''HWALE', 4, null, CURRENT_TIMESTAMP, CURRENT_TIMESTAMP);
INSERT INTO districts (id, name, description, region_id, deleted_at, created_at, updated_at)
VALUES (24, 'Iringa', 'IRINGA MJINI', 5, null, CURRENT_TIMESTAMP, CURRENT_TIMESTAMP);
INSERT INTO districts (id, name, description, region_id, deleted_at, created_at, updated_at)
VALUES (25, 'Kilolo', 'KILOLO', 5, null, CURRENT_TIMESTAMP, CURRENT_TIMESTAMP);
INSERT INTO districts (id, name, description, region_id, deleted_at, created_at, updated_at)
VALUES (26, 'Mafinga Mjini', 'IRINGA MJINI', 5, null, CURRENT_TIMESTAMP, CURRENT_TIMESTAMP);
INSERT INTO districts (id, name, description, region_id, deleted_at, created_at, updated_at)
VALUES (27, 'Mufindi', 'MUFINDI', 5, null, CURRENT_TIMESTAMP, CURRENT_TIMESTAMP);
INSERT INTO districts (id, name, description, region_id, deleted_at, created_at, updated_at)
VALUES (28, 'Biharamulo', 'BIHARAMULO', 6, null, CURRENT_TIMESTAMP, CURRENT_TIMESTAMP);
INSERT INTO districts (id, name, description, region_id, deleted_at, created_at, updated_at)
VALUES (29, 'Bukoba', 'BUKOBA MJINI', 6, null, CURRENT_TIMESTAMP, CURRENT_TIMESTAMP);
INSERT INTO districts (id, name, description, region_id, deleted_at, created_at, updated_at)
VALUES (30, 'Karagwe', 'KARAGWE', 6, null, CURRENT_TIMESTAMP, CURRENT_TIMESTAMP);
INSERT INTO districts (id, name, description, region_id, deleted_at, created_at, updated_at)
VALUES (31, 'Kyerwa', 'KYERWA', 6, null, CURRENT_TIMESTAMP, CURRENT_TIMESTAMP);
INSERT INTO districts (id, name, description, region_id, deleted_at, created_at, updated_at)
VALUES (32, 'Missenyi', 'MISSENYI', 6, null, CURRENT_TIMESTAMP, CURRENT_TIMESTAMP);
INSERT INTO districts (id, name, description, region_id, deleted_at, created_at, updated_at)
VALUES (33, 'Muleba', 'MULEBA', 6, null, CURRENT_TIMESTAMP, CURRENT_TIMESTAMP);
INSERT INTO districts (id, name, description, region_id, deleted_at, created_at, updated_at)
VALUES (34, 'Ngara', 'NGARA', 6, null, CURRENT_TIMESTAMP, CURRENT_TIMESTAMP);
INSERT INTO districts (id, name, description, region_id, deleted_at, created_at, updated_at)
VALUES (35, 'Mlele', 'MLELE', 7, null, CURRENT_TIMESTAMP, CURRENT_TIMESTAMP);
INSERT INTO districts (id, name, description, region_id, deleted_at, created_at, updated_at)
VALUES (36, 'Mpanda', 'MPANDA', 7, null, CURRENT_TIMESTAMP, CURRENT_TIMESTAMP);
INSERT INTO districts (id, name, description, region_id, deleted_at, created_at, updated_at)
VALUES (37, 'Buhigwe', 'BUHIGWE', 8, null, CURRENT_TIMESTAMP, CURRENT_TIMESTAMP);
INSERT INTO districts (id, name, description, region_id, deleted_at, created_at, updated_at)
VALUES (38, 'Kakonko', 'KAKONKO', 8, null, CURRENT_TIMESTAMP, CURRENT_TIMESTAMP);
INSERT INTO districts (id, name, description, region_id, deleted_at, created_at, updated_at)
VALUES (39, 'Kasulu', 'KASULU MJINI', 8, null, CURRENT_TIMESTAMP, CURRENT_TIMESTAMP);
INSERT INTO districts (id, name, description, region_id, deleted_at, created_at, updated_at)
VALUES (40, 'Kasulu Mjini', 'KASULU MJINI', 8, null, CURRENT_TIMESTAMP, CURRENT_TIMESTAMP);
INSERT INTO districts (id, name, description, region_id, deleted_at, created_at, updated_at)
VALUES (41, 'Kibondo', 'KIBONDO', 8, null, CURRENT_TIMESTAMP, CURRENT_TIMESTAMP);
INSERT INTO districts (id, name, description, region_id, deleted_at, created_at, updated_at)
VALUES (42, 'Kigoma Mjini', 'KIGOMA MJINI', 8, null, CURRENT_TIMESTAMP, CURRENT_TIMESTAMP);
INSERT INTO districts (id, name, description, region_id, deleted_at, created_at, updated_at)
VALUES (43, 'Uvinza', 'UVINZA', 8, null, CURRENT_TIMESTAMP, CURRENT_TIMESTAMP);
INSERT INTO districts (id, name, description, region_id, deleted_at, created_at, updated_at)
VALUES (44, 'Hai', 'HAI', 9, null, CURRENT_TIMESTAMP, CURRENT_TIMESTAMP);
INSERT INTO districts (id, name, description, region_id, deleted_at, created_at, updated_at)
VALUES (45, 'Moshi', 'MOSHI MJINI', 9, null, CURRENT_TIMESTAMP, CURRENT_TIMESTAMP);
INSERT INTO districts (id, name, description, region_id, deleted_at, created_at, updated_at)
VALUES (46, 'Mwanga', 'MWANGA', 9, null, CURRENT_TIMESTAMP, CURRENT_TIMESTAMP);
INSERT INTO districts (id, name, description, region_id, deleted_at, created_at, updated_at)
VALUES (47, 'Rombo', 'ROMBO', 9, null, CURRENT_TIMESTAMP, CURRENT_TIMESTAMP);
INSERT INTO districts (id, name, description, region_id, deleted_at, created_at, updated_at)
VALUES (48, 'Same', 'SAME', 9, null, CURRENT_TIMESTAMP, CURRENT_TIMESTAMP);
INSERT INTO districts (id, name, description, region_id, deleted_at, created_at, updated_at)
VALUES (49, 'Siha', 'SIHA', 9, null, CURRENT_TIMESTAMP, CURRENT_TIMESTAMP);
INSERT INTO districts (id, name, description, region_id, deleted_at, created_at, updated_at)
VALUES (50, 'Kilwa', 'KILWA', 10, null, CURRENT_TIMESTAMP, CURRENT_TIMESTAMP);
INSERT INTO districts (id, name, description, region_id, deleted_at, created_at, updated_at)
VALUES (51, 'Lindi', 'LINDI MJINI', 10, null, CURRENT_TIMESTAMP, CURRENT_TIMESTAMP);
INSERT INTO districts (id, name, description, region_id, deleted_at, created_at, updated_at)
VALUES (52, 'Liwale', 'LIWALE', 10, null, CURRENT_TIMESTAMP, CURRENT_TIMESTAMP);
INSERT INTO districts (id, name, description, region_id, deleted_at, created_at, updated_at)
VALUES (53, 'Nachingwea', 'NACHINGWEA', 10, null, CURRENT_TIMESTAMP, CURRENT_TIMESTAMP);
INSERT INTO districts (id, name, description, region_id, deleted_at, created_at, updated_at)
VALUES (54, 'Ruangwa', 'RUANGWA', 10, null, CURRENT_TIMESTAMP, CURRENT_TIMESTAMP);
INSERT INTO districts (id, name, description, region_id, deleted_at, created_at, updated_at)
VALUES (55, 'Babati', 'BABATI', 11, null, CURRENT_TIMESTAMP, CURRENT_TIMESTAMP);
INSERT INTO districts (id, name, description, region_id, deleted_at, created_at, updated_at)
VALUES (56, 'Hanang', 'HANANG', 11, null, CURRENT_TIMESTAMP, CURRENT_TIMESTAMP);
INSERT INTO districts (id, name, description, region_id, deleted_at, created_at, updated_at)
VALUES (57, 'Kiteto', 'KITETO', 11, null, CURRENT_TIMESTAMP, CURRENT_TIMESTAMP);
INSERT INTO districts (id, name, description, region_id, deleted_at, created_at, updated_at)
VALUES (58, 'Mbulu', 'MBULU', 11, null, CURRENT_TIMESTAMP, CURRENT_TIMESTAMP);
INSERT INTO districts (id, name, description, region_id, deleted_at, created_at, updated_at)
VALUES (59, 'Simanjiro', 'SIMANJIRO', 11, null, CURRENT_TIMESTAMP, CURRENT_TIMESTAMP);
INSERT INTO districts (id, name, description, region_id, deleted_at, created_at, updated_at)
VALUES (60, 'Bunda', 'BUNDA', 12, null, CURRENT_TIMESTAMP, CURRENT_TIMESTAMP);
INSERT INTO districts (id, name, description, region_id, deleted_at, created_at, updated_at)
VALUES (61, 'Butiama', 'BUTIAMA', 12, null, CURRENT_TIMESTAMP, CURRENT_TIMESTAMP);
INSERT INTO districts (id, name, description, region_id, deleted_at, created_at, updated_at)
VALUES (62, 'Musoma', 'MUSOMA MJINI', 12, null, CURRENT_TIMESTAMP, CURRENT_TIMESTAMP);
INSERT INTO districts (id, name, description, region_id, deleted_at, created_at, updated_at)
VALUES (63, 'Rorya', 'RORYA', 12, null, CURRENT_TIMESTAMP, CURRENT_TIMESTAMP);
INSERT INTO districts (id, name, description, region_id, deleted_at, created_at, updated_at)
VALUES (64, 'Serengeti', 'SERENGETI', 12, null, CURRENT_TIMESTAMP, CURRENT_TIMESTAMP);
INSERT INTO districts (id, name, description, region_id, deleted_at, created_at, updated_at)
VALUES (65, 'Tarime', 'TARIME', 12, null, CURRENT_TIMESTAMP, CURRENT_TIMESTAMP);
INSERT INTO districts (id, name, description, region_id, deleted_at, created_at, updated_at)
VALUES (66, 'Busokelo', 'OTHERS', 13, null, CURRENT_TIMESTAMP, CURRENT_TIMESTAMP);
INSERT INTO districts (id, name, description, region_id, deleted_at, created_at, updated_at)
VALUES (67, 'Chunya', 'CHUNYA', 13, null, CURRENT_TIMESTAMP, CURRENT_TIMESTAMP);
INSERT INTO districts (id, name, description, region_id, deleted_at, created_at, updated_at)
VALUES (68, 'Kyela', 'KYELA', 13, null, CURRENT_TIMESTAMP, CURRENT_TIMESTAMP);
INSERT INTO districts (id, name, description, region_id, deleted_at, created_at, updated_at)
VALUES (69, 'Mbarali', 'MBARALI', 13, null, CURRENT_TIMESTAMP, CURRENT_TIMESTAMP);
INSERT INTO districts (id, name, description, region_id, deleted_at, created_at, updated_at)
VALUES (70, 'Mbeya Mjini', 'MBEYA MJINI', 13, null, CURRENT_TIMESTAMP, CURRENT_TIMESTAMP);
INSERT INTO districts (id, name, description, region_id, deleted_at, created_at, updated_at)
VALUES (71, 'Mbozi', 'MBOZI', 24, null, CURRENT_TIMESTAMP, CURRENT_TIMESTAMP);
INSERT INTO districts (id, name, description, region_id, deleted_at, created_at, updated_at)
VALUES (72, 'Rungwe', 'RUNGWE', 13, null, CURRENT_TIMESTAMP, CURRENT_TIMESTAMP);
INSERT INTO districts (id, name, description, region_id, deleted_at, created_at, updated_at)
VALUES (74, 'Gairo', 'GAIRO', 14, null, CURRENT_TIMESTAMP, CURRENT_TIMESTAMP);
INSERT INTO districts (id, name, description, region_id, deleted_at, created_at, updated_at)
VALUES (75, 'Kilombero', 'KILOMBERO', 14, null, CURRENT_TIMESTAMP, CURRENT_TIMESTAMP);
INSERT INTO districts (id, name, description, region_id, deleted_at, created_at, updated_at)
VALUES (76, 'Kilosa', 'KILOSA', 14, null, CURRENT_TIMESTAMP, CURRENT_TIMESTAMP);
INSERT INTO districts (id, name, description, region_id, deleted_at, created_at, updated_at)
VALUES (77, 'Morogoro', 'MOROGORO MJINI', 14, null, CURRENT_TIMESTAMP, CURRENT_TIMESTAMP);
INSERT INTO districts (id, name, description, region_id, deleted_at, created_at, updated_at)
VALUES (78, 'Mvomero', 'MVOMERO', 14, null, CURRENT_TIMESTAMP, CURRENT_TIMESTAMP);
INSERT INTO districts (id, name, description, region_id, deleted_at, created_at, updated_at)
VALUES (79, 'Ulanga', 'ULANGA', 14, null, CURRENT_TIMESTAMP, CURRENT_TIMESTAMP);
INSERT INTO districts (id, name, description, region_id, deleted_at, created_at, updated_at)
VALUES (80, 'Masasi', 'MASASI', 15, null, CURRENT_TIMESTAMP, CURRENT_TIMESTAMP);
INSERT INTO districts (id, name, description, region_id, deleted_at, created_at, updated_at)
VALUES (81, 'Masasi Mjini', 'MASASI', 15, null, CURRENT_TIMESTAMP, CURRENT_TIMESTAMP);
INSERT INTO districts (id, name, description, region_id, deleted_at, created_at, updated_at)
VALUES (82, 'Mtwara Mjini', 'NEWALA', 15, null, CURRENT_TIMESTAMP, CURRENT_TIMESTAMP);
INSERT INTO districts (id, name, description, region_id, deleted_at, created_at, updated_at)
VALUES (83, 'Nanyumbu', 'NANYUMBU', 15, null, CURRENT_TIMESTAMP, CURRENT_TIMESTAMP);
INSERT INTO districts (id, name, description, region_id, deleted_at, created_at, updated_at)
VALUES (84, 'Newala', 'NEWALA', 15, null, CURRENT_TIMESTAMP, CURRENT_TIMESTAMP);
INSERT INTO districts (id, name, description, region_id, deleted_at, created_at, updated_at)
VALUES (85, 'Tandahimba', 'TANDAHIMBA', 15, null, CURRENT_TIMESTAMP, CURRENT_TIMESTAMP);
INSERT INTO districts (id, name, description, region_id, deleted_at, created_at, updated_at)
VALUES (86, 'Ilemela', 'ILEMELA', 16, null, CURRENT_TIMESTAMP, CURRENT_TIMESTAMP);
INSERT INTO districts (id, name, description, region_id, deleted_at, created_at, updated_at)
VALUES (87, 'Kwimba', 'KWIMBA', 16, null, CURRENT_TIMESTAMP, CURRENT_TIMESTAMP);
INSERT INTO districts (id, name, description, region_id, deleted_at, created_at, updated_at)
VALUES (88, 'Magu', 'MAGU', 16, null, CURRENT_TIMESTAMP, CURRENT_TIMESTAMP);
INSERT INTO districts (id, name, description, region_id, deleted_at, created_at, updated_at)
VALUES (89, 'Misungwi', 'MISUNGWI', 16, null, CURRENT_TIMESTAMP, CURRENT_TIMESTAMP);
INSERT INTO districts (id, name, description, region_id, deleted_at, created_at, updated_at)
VALUES (90, 'Nyamagana', 'NYAMAGANA', 16, null, CURRENT_TIMESTAMP, CURRENT_TIMESTAMP);
INSERT INTO districts (id, name, description, region_id, deleted_at, created_at, updated_at)
VALUES (91, 'Sengerema', 'SENGEREMA', 16, null, CURRENT_TIMESTAMP, CURRENT_TIMESTAMP);
INSERT INTO districts (id, name, description, region_id, deleted_at, created_at, updated_at)
VALUES (92, 'Ukerewe', 'UKEREWE', 16, null, CURRENT_TIMESTAMP, CURRENT_TIMESTAMP);
INSERT INTO districts (id, name, description, region_id, deleted_at, created_at, updated_at)
VALUES (93, 'Ludewa', 'LUDEWA', 17, null, CURRENT_TIMESTAMP, CURRENT_TIMESTAMP);
INSERT INTO districts (id, name, description, region_id, deleted_at, created_at, updated_at)
VALUES (94, 'Makambako Mjini', 'IRINGA VIJIJINI', 17, null, CURRENT_TIMESTAMP, CURRENT_TIMESTAMP);
INSERT INTO districts (id, name, description, region_id, deleted_at, created_at, updated_at)
VALUES (95, 'Makete', 'MAKETE', 17, null, CURRENT_TIMESTAMP, CURRENT_TIMESTAMP);
INSERT INTO districts (id, name, description, region_id, deleted_at, created_at, updated_at)
VALUES (96, 'Njombe', 'NJOMBE MJINI', 17, null, CURRENT_TIMESTAMP, CURRENT_TIMESTAMP);
INSERT INTO districts (id, name, description, region_id, deleted_at, created_at, updated_at)
VALUES (97, 'Wanging''ombe', 'WANGING''OMBE', 17, null, CURRENT_TIMESTAMP, CURRENT_TIMESTAMP);
INSERT INTO districts (id, name, description, region_id, deleted_at, created_at, updated_at)
VALUES (98, 'Micheweni', 'MICHEWENI', 29, null, CURRENT_TIMESTAMP, CURRENT_TIMESTAMP);
INSERT INTO districts (id, name, description, region_id, deleted_at, created_at, updated_at)
VALUES (99, 'Wete', 'WETE', 29, null, CURRENT_TIMESTAMP, CURRENT_TIMESTAMP);
INSERT INTO districts (id, name, description, region_id, deleted_at, created_at, updated_at)
VALUES (100, 'Chake Chake', 'CHAKE CHAKE', 30, null, CURRENT_TIMESTAMP, CURRENT_TIMESTAMP);
INSERT INTO districts (id, name, description, region_id, deleted_at, created_at, updated_at)
VALUES (101, 'Mkoani', 'MKOANI', 30, null, CURRENT_TIMESTAMP, CURRENT_TIMESTAMP);
INSERT INTO districts (id, name, description, region_id, deleted_at, created_at, updated_at)
VALUES (102, 'Bagamoyo', 'BAGAMOYO', 18, null, CURRENT_TIMESTAMP, CURRENT_TIMESTAMP);
INSERT INTO districts (id, name, description, region_id, deleted_at, created_at, updated_at)
VALUES (103, 'Kibaha', 'KIBAHA MJINI', 18, null, CURRENT_TIMESTAMP, CURRENT_TIMESTAMP);
INSERT INTO districts (id, name, description, region_id, deleted_at, created_at, updated_at)
VALUES (104, 'Kisarawe', 'KISARAWE', 18, null, CURRENT_TIMESTAMP, CURRENT_TIMESTAMP);
INSERT INTO districts (id, name, description, region_id, deleted_at, created_at, updated_at)
VALUES (105, 'Mafia', 'MAFIA', 18, null, CURRENT_TIMESTAMP, CURRENT_TIMESTAMP);
INSERT INTO districts (id, name, description, region_id, deleted_at, created_at, updated_at)
VALUES (106, 'Mkuranga', 'MKURANGA', 18, null, CURRENT_TIMESTAMP, CURRENT_TIMESTAMP);
INSERT INTO districts (id, name, description, region_id, deleted_at, created_at, updated_at)
VALUES (107, 'Rufiji', 'RUFIJI', 18, null, CURRENT_TIMESTAMP, CURRENT_TIMESTAMP);
INSERT INTO districts (id, name, description, region_id, deleted_at, created_at, updated_at)
VALUES (108, 'Kalambo', 'KALAMBO', 19, null, CURRENT_TIMESTAMP, CURRENT_TIMESTAMP);
INSERT INTO districts (id, name, description, region_id, deleted_at, created_at, updated_at)
VALUES (109, 'Nkasi', 'NKASI', 19, null, CURRENT_TIMESTAMP, CURRENT_TIMESTAMP);
INSERT INTO districts (id, name, description, region_id, deleted_at, created_at, updated_at)
VALUES (110, 'Sumbawanga', 'SUMBAWANGA MJINI', 19, null, CURRENT_TIMESTAMP, CURRENT_TIMESTAMP);
INSERT INTO districts (id, name, description, region_id, deleted_at, created_at, updated_at)
VALUES (111, 'Mbinga', 'MBINGA', 20, null, CURRENT_TIMESTAMP, CURRENT_TIMESTAMP);
INSERT INTO districts (id, name, description, region_id, deleted_at, created_at, updated_at)
VALUES (112, 'Songea', 'SONGEA MJINI', 20, null, CURRENT_TIMESTAMP, CURRENT_TIMESTAMP);
INSERT INTO districts (id, name, description, region_id, deleted_at, created_at, updated_at)
VALUES (113, 'Tunduru', 'TUNDURU', 20, null, CURRENT_TIMESTAMP, CURRENT_TIMESTAMP);
INSERT INTO districts (id, name, description, region_id, deleted_at, created_at, updated_at)
VALUES (114, 'Namtumbo', 'NAMTUMBO', 20, null, CURRENT_TIMESTAMP, CURRENT_TIMESTAMP);
INSERT INTO districts (id, name, description, region_id, deleted_at, created_at, updated_at)
VALUES (115, 'Nyasa', 'NYASA', 20, null, CURRENT_TIMESTAMP, CURRENT_TIMESTAMP);
INSERT INTO districts (id, name, description, region_id, deleted_at, created_at, updated_at)
VALUES (116, 'Kahama', 'KAHAMA MJINI', 21, null, CURRENT_TIMESTAMP, CURRENT_TIMESTAMP);
INSERT INTO districts (id, name, description, region_id, deleted_at, created_at, updated_at)
VALUES (117, 'Kishapu', 'KISHAPU', 21, null, CURRENT_TIMESTAMP, CURRENT_TIMESTAMP);
INSERT INTO districts (id, name, description, region_id, deleted_at, created_at, updated_at)
VALUES (118, 'Shinyanga Mjini', 'SHINYANGA MJINI', 21, null, CURRENT_TIMESTAMP, CURRENT_TIMESTAMP);
INSERT INTO districts (id, name, description, region_id, deleted_at, created_at, updated_at)
VALUES (119, 'Bariadi', 'BARIADI', 22, null, CURRENT_TIMESTAMP, CURRENT_TIMESTAMP);
INSERT INTO districts (id, name, description, region_id, deleted_at, created_at, updated_at)
VALUES (120, 'Busega', 'BUSEGA', 22, null, CURRENT_TIMESTAMP, CURRENT_TIMESTAMP);
INSERT INTO districts (id, name, description, region_id, deleted_at, created_at, updated_at)
VALUES (121, 'Itilima', 'ITILIMA', 22, null, CURRENT_TIMESTAMP, CURRENT_TIMESTAMP);
INSERT INTO districts (id, name, description, region_id, deleted_at, created_at, updated_at)
VALUES (122, 'Maswa', 'MASWA', 22, null, CURRENT_TIMESTAMP, CURRENT_TIMESTAMP);
INSERT INTO districts (id, name, description, region_id, deleted_at, created_at, updated_at)
VALUES (123, 'Meatu', 'MEATU', 22, null, CURRENT_TIMESTAMP, CURRENT_TIMESTAMP);
INSERT INTO districts (id, name, description, region_id, deleted_at, created_at, updated_at)
VALUES (124, 'Ikungi', 'IKUNGI', 23, null, CURRENT_TIMESTAMP, CURRENT_TIMESTAMP);
INSERT INTO districts (id, name, description, region_id, deleted_at, created_at, updated_at)
VALUES (125, 'Iramba', 'IRAMBA', 23, null, CURRENT_TIMESTAMP, CURRENT_TIMESTAMP);
INSERT INTO districts (id, name, description, region_id, deleted_at, created_at, updated_at)
VALUES (126, 'Manyoni', 'MANYONI', 23, null, CURRENT_TIMESTAMP, CURRENT_TIMESTAMP);
INSERT INTO districts (id, name, description, region_id, deleted_at, created_at, updated_at)
VALUES (127, 'Mkalama', 'MKALAMA', 23, null, CURRENT_TIMESTAMP, CURRENT_TIMESTAMP);
INSERT INTO districts (id, name, description, region_id, deleted_at, created_at, updated_at)
VALUES (128, 'Singida', 'SINGIDA MJINI', 23, null, CURRENT_TIMESTAMP, CURRENT_TIMESTAMP);
INSERT INTO districts (id, name, description, region_id, deleted_at, created_at, updated_at)
VALUES (129, 'Songwe Mjini', 'MBEYA VIJIJINI', 24, null, CURRENT_TIMESTAMP, CURRENT_TIMESTAMP);
INSERT INTO districts (id, name, description, region_id, deleted_at, created_at, updated_at)
VALUES (130, 'Igunga', 'IGUNGA', 25, null, CURRENT_TIMESTAMP, CURRENT_TIMESTAMP);
INSERT INTO districts (id, name, description, region_id, deleted_at, created_at, updated_at)
VALUES (131, 'Kaliua', 'KALIUA', 25, null, CURRENT_TIMESTAMP, CURRENT_TIMESTAMP);
INSERT INTO districts (id, name, description, region_id, deleted_at, created_at, updated_at)
VALUES (132, 'Nzega', 'NZEGA', 25, null, CURRENT_TIMESTAMP, CURRENT_TIMESTAMP);
INSERT INTO districts (id, name, description, region_id, deleted_at, created_at, updated_at)
VALUES (133, 'Sikonge', 'SIKONGE', 25, null, CURRENT_TIMESTAMP, CURRENT_TIMESTAMP);
INSERT INTO districts (id, name, description, region_id, deleted_at, created_at, updated_at)
VALUES (134, 'Tabora', 'TABORA MJINI', 25, null, CURRENT_TIMESTAMP, CURRENT_TIMESTAMP);
INSERT INTO districts (id, name, description, region_id, deleted_at, created_at, updated_at)
VALUES (135, 'Urambo', 'URAMBO', 25, null, CURRENT_TIMESTAMP, CURRENT_TIMESTAMP);
INSERT INTO districts (id, name, description, region_id, deleted_at, created_at, updated_at)
VALUES (136, 'Uyui', 'UYUI', 25, null, CURRENT_TIMESTAMP, CURRENT_TIMESTAMP);
INSERT INTO districts (id, name, description, region_id, deleted_at, created_at, updated_at)
VALUES (137, 'Handeni', 'HANDENI MJINI', 26, null, CURRENT_TIMESTAMP, CURRENT_TIMESTAMP);
INSERT INTO districts (id, name, description, region_id, deleted_at, created_at, updated_at)
VALUES (138, 'Kilindi', 'KILINDI', 26, null, CURRENT_TIMESTAMP, CURRENT_TIMESTAMP);
INSERT INTO districts (id, name, description, region_id, deleted_at, created_at, updated_at)
VALUES (139, 'Korogwe', 'KOROGWE MJINI', 26, null, CURRENT_TIMESTAMP, CURRENT_TIMESTAMP);
INSERT INTO districts (id, name, description, region_id, deleted_at, created_at, updated_at)
VALUES (140, 'Lushoto', 'LUSHOTO', 26, null, CURRENT_TIMESTAMP, CURRENT_TIMESTAMP);
INSERT INTO districts (id, name, description, region_id, deleted_at, created_at, updated_at)
VALUES (141, 'Muheza', 'MUHEZA', 26, null, CURRENT_TIMESTAMP, CURRENT_TIMESTAMP);
INSERT INTO districts (id, name, description, region_id, deleted_at, created_at, updated_at)
VALUES (142, 'Mkinga', 'MKINGA', 26, null, CURRENT_TIMESTAMP, CURRENT_TIMESTAMP);
INSERT INTO districts (id, name, description, region_id, deleted_at, created_at, updated_at)
VALUES (143, 'Pangani', 'PANGANI', 26, null, CURRENT_TIMESTAMP, CURRENT_TIMESTAMP);
INSERT INTO districts (id, name, description, region_id, deleted_at, created_at, updated_at)
VALUES (144, 'Tanga Mjini', 'TANGA MJINI', 26, null, CURRENT_TIMESTAMP, CURRENT_TIMESTAMP);
INSERT INTO districts (id, name, description, region_id, deleted_at, created_at, updated_at)
VALUES (145, 'Magharibi', 'UNGUJA MAGHARIBI', 31, null, CURRENT_TIMESTAMP, CURRENT_TIMESTAMP);
INSERT INTO districts (id, name, description, region_id, deleted_at, created_at, updated_at)
VALUES (146, 'Mjini', 'MJINI', 31, null, CURRENT_TIMESTAMP, CURRENT_TIMESTAMP);
INSERT INTO districts (id, name, description, region_id, deleted_at, created_at, updated_at)
VALUES (147, 'Kaskazini A', 'KASKAZINI A', 27, null, CURRENT_TIMESTAMP, CURRENT_TIMESTAMP);
INSERT INTO districts (id, name, description, region_id, deleted_at, created_at, updated_at)
VALUES (148, 'Kaskazini B', 'KASKAZINI B', 27, null, CURRENT_TIMESTAMP, CURRENT_TIMESTAMP);
INSERT INTO districts (id, name, description, region_id, deleted_at, created_at, updated_at)
VALUES (149, 'Kati', 'KATI', 28, null, CURRENT_TIMESTAMP, CURRENT_TIMESTAMP);
INSERT INTO districts (id, name, description, region_id, deleted_at, created_at, updated_at)
VALUES (150, 'Kusini', 'KUSINI', 28, null, CURRENT_TIMESTAMP, CURRENT_TIMESTAMP);
INSERT INTO districts (id, name, description, region_id, deleted_at, created_at, updated_at)
VALUES (151, 'Mbeya Vijijini', 'MBEYA VIJIJINI', 13, null, CURRENT_TIMESTAMP, CURRENT_TIMESTAMP);
INSERT INTO districts (id, name, description, region_id, deleted_at, created_at, updated_at)
VALUES (152, 'Mtwara Vijijini', 'MTWARA VIJIJINI', 15, null, CURRENT_TIMESTAMP, CURRENT_TIMESTAMP);
INSERT INTO districts (id, name, description, region_id, deleted_at, created_at, updated_at)
VALUES (153, 'Ileje', 'ILEJE', 24, null, CURRENT_TIMESTAMP, CURRENT_TIMESTAMP);
INSERT INTO districts (id, name, description, region_id, deleted_at, created_at, updated_at)
VALUES (154, 'Momba', 'MOMBA', 24, null, CURRENT_TIMESTAMP, CURRENT_TIMESTAMP);
INSERT INTO districts (id, name, description, region_id, deleted_at, created_at, updated_at)
VALUES (155, 'Overseas', 'OTHERS', 32, null, CURRENT_TIMESTAMP, CURRENT_TIMESTAMP);



-- # wards
INSERT INTO `wards` (`id`, `name`, `district_id`)
VALUES (1, 'Makanda', 12),
       (2, 'Ilindi', 12),
       (3, 'Kigwe', 12),
       (4, 'Chikola', 12),
       (5, 'Chipanga', 12),
       (6, 'Chali', 12),
       (7, 'Nondwa', 12),
       (8, 'Mpalanga', 12),
       (9, 'Ibugule', 12),
       (10, 'Chibelela', 12),
       (11, 'Mwitikira', 12),
       (12, 'Lamaiti', 12),
       (13, 'Mtitaa', 12),
       (14, 'Babayu', 12),
       (15, 'Zanka', 12),
       (16, 'Msisi', 12),
       (17, 'Mundemu', 12),
       (18, 'Bahi', 12),
       (19, 'Mpamantwa', 12),
       (20, 'Ibihwa', 12),
       (21, 'Makorongo', 14),
       (22, 'Mrijo', 14),
       (23, 'Chandama', 14),
       (24, 'Goima', 14),
       (25, 'Chemba', 14),
       (26, 'Paranga', 14),
       (27, 'Gwandi', 14),
       (28, 'Farkwa', 14),
       (29, 'Mpendo', 14),
       (30, 'Sanzawa', 14),
       (31, 'Kwamtoro', 14),
       (32, 'Ovada', 14),
       (33, 'Lalta', 14),
       (34, 'Msaada', 14),
       (35, 'Kimaha', 14),
       (36, 'Churuku', 14),
       (37, 'Songoro', 14),
       (38, 'Mondo', 14),
       (39, 'Dalai', 14),
       (40, 'Jangalo', 14),
       (41, 'Haneti', 13),
       (42, 'Manchali', 13),
       (43, 'Ikowa', 13),
       (44, 'Msamalo', 13),
       (45, 'Igandu', 13),
       (46, 'Muungano', 13),
       (47, 'Mvumi Makulu', 13),
       (48, 'Handali', 13),
       (49, 'Mvumi Mission', 13),
       (50, 'Idifu', 13),
       (51, 'Makangwa', 13),
       (52, 'Segala', 13),
       (53, 'Iringa Mvumi Zamani', 13),
       (54, 'Manzase', 13),
       (55, 'Fufu', 13),
       (56, 'Mlowa Bwawani', 13),
       (57, 'Mpwayungu', 13),
       (58, 'Nghambaku', 13),
       (59, 'Chinugulu', 13),
       (60, 'Manda', 13),
       (61, 'Huzi', 13),
       (62, 'Loje', 13),
       (63, 'Itiso', 13),
       (64, 'Chiboli', 13),
       (65, 'Nhinhi', 13),
       (66, 'Zajilwa', 13),
       (67, 'Dabalo', 13),
       (68, 'Membe', 13),
       (69, 'Msanga', 13),
       (70, 'Chilonwa', 13),
       (71, 'Buigiri', 13),
       (72, 'Majeleko', 13),
       (73, 'Viwandani', 15),
       (74, 'Hombolo', 15),
       (75, 'Ipala', 15),
       (76, 'Nzuguni', 15),
       (77, 'Dodoma Makulu', 15),
       (78, 'Mtumba', 15),
       (79, 'Kikombo', 15),
       (80, 'Ng hong honha', 15),
       (81, 'Mpunguzi', 15),
       (82, 'Tambukareli', 15),
       (83, 'Kilimani', 15),
       (84, 'Uhuru', 15),
       (85, 'Kikuyu Kusini', 15),
       (86, 'Kikuyu Kaskazini', 15),
       (87, 'Mkonze', 15),
       (88, 'Mbabala', 15),
       (89, 'Zuzu', 15),
       (90, 'Hazina', 15),
       (91, 'Madukani', 15),
       (92, 'Majengo', 15),
       (93, 'Kizota', 15),
       (94, 'Nala', 15),
       (95, 'Chamwino', 15),
       (96, 'Mbalawala', 15),
       (97, 'Ntyuka', 15),
       (98, 'Chigongwe', 15),
       (99, 'Chang ombe', 15),
       (100, 'Iyumbu', 15),
       (101, 'Chahwa', 15),
       (102, 'Mnadani', 15),
       (103, 'Ipagala', 15),
       (104, 'Kiwanja cha Ndege', 15),
       (105, 'Makole', 15),
       (106, 'Miyuji', 15),
       (107, 'Msalato', 15),
       (108, 'Makutupora', 15),
       (109, 'Chihanga', 15),
       (110, 'Bumbuta', 16),
       (111, 'Kisese', 16),
       (112, 'Kikore', 16),
       (113, 'Serya', 16),
       (114, 'Chemchem', 16),
       (115, 'Hondomairo', 16),
       (116, 'Bolisa', 16),
       (117, 'Kinyasi', 16),
       (118, 'Salanka', 16),
       (119, 'Itololo', 16),
       (120, 'Pahi', 16),
       (121, 'Itaswi', 16),
       (122, 'Suruke', 16),
       (123, 'Kingale', 16),
       (124, 'Kondoa Mjini', 16),
       (125, 'Kolo', 16),
       (126, 'Changaa', 16),
       (127, 'Thawi', 16),
       (128, 'Mnenia', 16),
       (129, 'Soera', 16),
       (130, 'Busi', 16),
       (131, 'Haubi', 16),
       (132, 'Kalamba', 16),
       (133, 'Kwadelo', 16),
       (134, 'Masange', 16),
       (135, 'Kikilo', 16),
       (136, 'Bereko', 16),
       (137, 'Kongwa', 17),
       (138, 'Iduo', 17),
       (139, 'Sagara', 17),
       (140, 'Kibaigwa', 17),
       (141, 'Ugogoni', 17),
       (142, 'Chamkoroma', 17),
       (143, 'Makawa', 17),
       (144, 'Chitego', 17),
       (145, 'Matongoro', 17),
       (146, 'Ngomai', 17),
       (147, 'Songambele', 17),
       (148, 'Sejeli', 17),
       (149, 'Chiwe', 17),
       (150, 'Lenjulu', 17),
       (151, 'Nghumbi', 17),
       (152, 'Hogoro', 17),
       (153, 'Zoissa', 17),
       (154, 'Mkoka', 17),
       (155, 'Njoge', 17),
       (156, 'Mtanana', 17),
       (157, 'Pandambili', 17),
       (158, 'Mlali', 17),
       (159, 'Mazae', 18),
       (160, 'Rudi', 18),
       (161, 'Mlunduzi', 18),
       (162, 'Wotta', 18),
       (163, 'Mima', 18),
       (164, 'Berege', 18),
       (165, 'Chunyu', 18),
       (166, 'Mbuga', 18),
       (167, 'Godegode', 18),
       (168, 'Mpwapwa Mjini', 18),
       (169, 'Lupeta', 18),
       (170, 'Ving hawe', 18),
       (171, 'Gulwe', 18),
       (172, 'Nghambi', 18),
       (173, 'Chitemo', 18),
       (174, 'Iwondo', 18),
       (175, 'Kingiti', 18),
       (176, 'Lufu', 18),
       (177, 'Pwaga', 18),
       (178, 'Galigali', 18),
       (179, 'Mtera', 18),
       (180, 'Chipogoro', 18),
       (181, 'Matomondo', 18),
       (182, 'Malolo', 18),
       (183, 'Kimagai', 18),
       (184, 'Kibakwe', 18),
       (185, 'Lumuma', 18),
       (186, 'Luhundwa', 18),
       (187, 'Massa', 18),
       (188, 'Ipera', 18),
       (189, 'Puma', 124),
       (190, 'Mang onyi', 124),
       (191, 'Mkiwa', 124),
       (192, 'Issuna', 124),
       (193, 'Unyahati', 124),
       (194, 'Ikungi', 124),
       (195, 'Iglansoni', 124),
       (196, 'Iseke', 124),
       (197, 'Ihanja', 124),
       (198, 'Minyughe', 124),
       (199, 'Muhintiri', 124),
       (200, 'Kituntu', 124),
       (201, 'Mgungira', 124),
       (202, 'Mwaru', 124),
       (203, 'Ighombwe', 124),
       (204, 'Mtunduru', 124),
       (205, 'Sepuka', 124),
       (206, 'Irisya', 124),
       (207, 'Mungaa', 124),
       (208, 'Siuyu', 124),
       (209, 'Kikio', 124),
       (210, 'Lighwa', 124),
       (211, 'Misughaa', 124),
       (212, 'Ntuntu', 124),
       (213, 'Dung unyi', 124),
       (214, 'Urughu', 125),
       (215, 'Kiomboi', 125),
       (216, 'Kinampanda', 125),
       (217, 'Ulemo', 125),
       (218, 'Kyengege', 125),
       (219, 'Ndago', 125),
       (220, 'Mbelekese', 125),
       (221, 'Kaselya', 125),
       (222, 'Ndulungu', 125),
       (223, 'Mtekente', 125),
       (224, 'Mtoa', 125),
       (225, 'Mgongo', 125),
       (226, 'Shelui', 125),
       (227, 'Ntwike', 125),
       (228, 'Tulya', 125),
       (229, 'Kidaru', 125),
       (230, 'Kisiriri', 125),
       (231, 'Mpambala', 127),
       (232, 'Kinyangiri', 127),
       (233, 'Iguguno', 127),
       (234, 'Miganga', 127),
       (235, 'Matongo', 127),
       (236, 'Kikhonda', 127),
       (237, 'Mwangeza', 127),
       (238, 'Mwanga', 127),
       (239, 'Nkinto', 127),
       (240, 'Ibaga', 127),
       (241, 'Gumanga', 127),
       (242, 'Msingi', 127),
       (243, 'Nduguti', 127),
       (244, 'Ilunda', 127),
       (245, 'Manyoni', 126),
       (246, 'Heka', 126),
       (247, 'Nkonko', 126),
       (248, 'Sanza', 126),
       (249, 'Isseke', 126),
       (250, 'Solya', 126),
       (251, 'Mkwese', 126),
       (252, 'Muhalala', 126),
       (253, 'Saranda', 126),
       (254, 'Makutopora', 126),
       (255, 'Sasilo', 126),
       (256, 'Makuru', 126),
       (257, 'Chikuyu', 126),
       (258, 'Kintinku', 126),
       (259, 'Mvumi', 126),
       (260, 'Majiri', 126),
       (261, 'Sasajila', 126),
       (262, 'Idodyandole', 126),
       (263, 'Rungwa', 126),
       (264, 'Mgandu', 126),
       (265, 'Itigi Mjini', 126),
       (266, 'Ipande', 126),
       (267, 'Sanjaranda', 126),
       (268, 'Aghondi', 126),
       (269, 'Mwamagembe', 126),
       (270, 'Mitundu', 126),
       (271, 'Kitaraka', 126),
       (272, 'Itigi Majengo', 126),
       (273, 'Ukonga', 7),
       (274, 'Buguruni', 7),
       (275, 'Kariakoo', 7),
       (276, 'Jangwani', 7),
       (277, 'Gerezani', 7),
       (278, 'Kisutu', 7),
       (279, 'Mchafukoge', 7),
       (280, 'Upanga Mashariki', 7),
       (281, 'Upanga Magharibi', 7),
       (282, 'Kivukoni', 7),
       (283, 'Kiwalani', 7),
       (284, 'Pugu', 7),
       (285, 'Segerea', 7),
       (286, 'Kitunda', 7),
       (287, 'Chanika', 7),
       (288, 'Kivule', 7),
       (289, 'Gongo la Mboto', 7),
       (290, 'Majohe', 7),
       (291, 'Kimanga', 7),
       (292, 'Msongola', 7),
       (293, 'Tabata', 7),
       (294, 'Kinyerezi', 7),
       (295, 'Ilala', 7),
       (296, 'Mchikichini', 7),
       (297, 'Vingunguti', 7),
       (298, 'Kipawa', 7),
       (299, 'Kigamboni', 10),
       (300, 'Vijibweni', 10),
       (301, 'Pembamnazi', 10),
       (302, 'Mjimwema', 10),
       (303, 'Tungi', 10),
       (304, 'Kibada', 10),
       (305, 'Kisarawe II', 10),
       (306, 'Somangila', 10),
       (307, 'Kimbiji', 10),
       (308, 'Magomeni', 8),
       (314, 'Kawe', 8),
       (315, 'Kunduchi', 8),
       (316, 'Mbweni', 8),
       (317, 'Bunju', 8),
       (321, 'Makumbusho', 8),
       (322, 'Sinza', 8),
       (323, 'Kijitonyama', 8),
       (325, 'Mikocheni', 8),
       (327, 'Hananasif', 8),
       (330, 'Ndugumbi', 8),
       (332, 'Mbezi juu', 8),
       (333, 'Makongo', 8),
       (334, 'Mabwepande', 8),
       (335, 'Wazo', 8),
       (336, 'Tandale', 8),
       (337, 'Mwananyamala', 8),
       (338, 'Msasani', 8),
       (339, 'Kinondoni', 8),
       (340, 'Mzimuni', 8),
       (341, 'Kigogo', 8),
       (342, 'Charambe', 9),
       (343, 'Toangoma', 9),
       (344, 'Miburani', 9),
       (345, 'Temeke', 9),
       (346, 'Mtoni', 9),
       (347, 'Keko', 9),
       (348, 'Kurasini', 9),
       (349, 'Azimio', 9),
       (350, 'Tandika', 9),
       (351, 'Sandali', 9),
       (352, 'Mbagala Kuu', 9),
       (353, 'Makangarawe', 9),
       (354, 'Kijichi', 9),
       (355, 'Mianzini', 9),
       (356, 'Kiburugwa', 9),
       (357, 'Buza', 9),
       (358, 'Kilakala', 9),
       (359, 'Mbagala', 9),
       (360, 'Chamazi', 9),
       (361, 'Yombo Vituka', 9),
       (362, 'Chakwale', 74),
       (363, 'Chanjale', 74),
       (364, 'Nongwe', 74),
       (365, 'Iyogwe', 74),
       (366, 'Idibo', 74),
       (367, 'Kibedya', 74),
       (368, 'Msingisi', 74),
       (369, 'Gairo', 74),
       (370, 'Rubeho', 74),
       (371, 'Mandege', 74),
       (372, 'Chagongwe', 74),
       (373, 'Kidatu', 75),
       (374, 'Idete', 75),
       (375, 'Mbingu', 75),
       (376, 'Mofu', 75),
       (377, 'Mchombe', 75),
       (378, 'Chita', 75),
       (379, 'Chisano', 75),
       (380, 'Mlimba', 75),
       (381, 'Utengule', 75),
       (382, 'Masagati', 75),
       (383, 'Uchindile', 75),
       (384, 'Sanje', 75),
       (385, 'Mwaya', 75),
       (386, 'Mngeta', 75),
       (387, 'Kamwene', 75),
       (388, 'Igima', 75),
       (389, 'Msolwa Station', 75),
       (390, 'Mkula', 75),
       (391, 'Mang ula', 75),
       (392, 'Kisawasawa', 75),
       (393, 'Kiberege', 75),
       (394, 'Lipangalala', 75),
       (395, 'Mbasa', 75),
       (396, 'Katindiuka', 75),
       (397, 'Michenga', 75),
       (398, 'Mlabani', 75),
       (399, 'Viwanja Sitini', 75),
       (400, 'Kibaoni', 75),
       (401, 'Ifakara', 75),
       (402, 'Lumemo', 75),
       (403, 'Mabula', 76),
       (404, 'Chanzulu', 76),
       (405, 'Kimamba A', 76),
       (406, 'Kimamba B', 76),
       (407, 'Mbumi', 76),
       (408, 'Mkwatani', 76),
       (409, 'Kasiki', 76),
       (410, 'Mabwerebwere', 76),
       (411, 'Kilangali', 76),
       (412, 'Mikumi', 76),
       (413, 'Maguha', 76),
       (414, 'Ruhembe', 76),
       (415, 'Kidodi', 76),
       (416, 'Vidunda', 76),
       (417, 'Kisanga', 76),
       (418, 'Uleling`ombe', 76),
       (419, 'Ulaya', 76),
       (420, 'Zombo', 76),
       (421, 'Masanze', 76),
       (422, 'Berega', 76),
       (423, 'Kidete', 76),
       (424, 'Lumbiji', 76),
       (425, 'Kitete', 76),
       (426, 'Madoto', 76),
       (427, 'Tindiga', 76),
       (428, 'Ruaha', 76),
       (429, 'Magubike', 76),
       (430, 'Mamboya', 76),
       (431, 'Dumila', 76),
       (432, 'Magole', 76),
       (433, 'Msowero', 76),
       (434, 'Rudewa', 76),
       (435, 'Mvomero', 78),
       (436, 'Bunduki', 78),
       (437, 'Kikeo', 78),
       (438, 'Langali', 78),
       (439, 'Tchenzema', 78),
       (440, 'Mzumbe', 78),
       (441, 'Doma', 78),
       (442, 'Melela', 78),
       (443, 'Hembeti', 78),
       (444, 'Maskati', 78),
       (445, 'Kibati', 78),
       (446, 'Sungaji', 78),
       (447, 'Mhonda', 78),
       (448, 'Diongoya', 78),
       (449, 'Mtibwa', 78),
       (450, 'Kanga', 78),
       (451, 'Minepa', 79),
       (452, 'Sali', 79),
       (453, 'Euga', 79),
       (454, 'Lukande', 79),
       (455, 'Ilonga', 79),
       (456, 'Lupiro', 79),
       (457, 'Iragua', 79),
       (458, 'Uponera', 79),
       (459, 'Nawenge', 79),
       (460, 'Mawasiliano', 79),
       (461, 'Milola', 79),
       (462, 'Ketaketa', 79),
       (463, 'Kichangani', 79),
       (464, 'Msogezi', 79),
       (465, 'Vigoi', 79),
       (466, 'Mahenge', 79),
       (467, 'Isongo', 79),
       (468, 'Chirombola', 79),
       (469, 'Kilosa kwa Mpepo', 79),
       (470, 'Ngoheranga', 79),
       (471, 'Biro', 79),
       (472, 'Malinyi', 79),
       (473, 'Sofi', 79),
       (474, 'Usangule', 79),
       (475, 'Mtimbira', 79),
       (476, 'Itete', 79),
       (477, 'Igawa', 79),
       (478, 'Njiwa', 79),
       (479, 'Fukayosi', 102),
       (480, 'Kerege', 102),
       (481, 'Pera', 102),
       (482, 'Dunda', 102),
       (483, 'Kiromo', 102),
       (484, 'Zinga', 102),
       (485, 'Yombo', 102),
       (486, 'Kiwangwa', 102),
       (487, 'Vigwaza', 102),
       (488, 'Talawanda', 102),
       (489, 'Bwilingu', 102),
       (490, 'Lugoba', 102),
       (491, 'Ubenazomozi', 102),
       (492, 'Mbwewe', 102),
       (493, 'Kibindu', 102),
       (494, 'Msata', 102),
       (495, 'Msoga', 102),
       (496, 'Kimange', 102),
       (497, 'Mandera', 102),
       (498, 'Miono', 102),
       (499, 'Mkange', 102),
       (500, 'Kisarawe', 104),
       (501, 'Vikumbulu', 104),
       (502, 'Mafizi', 104),
       (503, 'Kurui', 104),
       (504, 'Mzenga', 104),
       (505, 'Vihingo', 104),
       (506, 'Kiluvya', 104),
       (507, 'Msimbu', 104),
       (508, 'Masaki', 104),
       (509, 'Kibuta', 104),
       (510, 'Marumbo', 104),
       (511, 'Maneromango', 104),
       (512, 'Marui', 104),
       (513, 'Cholesamvula', 104),
       (514, 'Kirongwe', 105),
       (515, 'Baleni', 105),
       (516, 'Kilindoni', 105),
       (517, 'Kiegeani', 105),
       (518, 'Jibondo', 105),
       (519, 'Ndagoni', 105),
       (520, 'Mkuranga', 106),
       (521, 'Nyamato', 106),
       (522, 'Kimanzichana', 106),
       (523, 'Mkamba', 106),
       (524, 'Panzuo', 106),
       (525, 'Bupu', 106),
       (526, 'Mwalusembe', 106),
       (527, 'Vianzi', 106),
       (528, 'Njia nne', 106),
       (529, 'Kiparang anda', 106),
       (530, 'Tambani', 106),
       (531, 'Vikindu', 106),
       (532, 'Shungubweni', 106),
       (533, 'Kisiju', 106),
       (534, 'Magawa', 106),
       (535, 'Kitomondo', 106),
       (536, 'Lukanga', 106),
       (537, 'Ikwiriri', 107),
       (538, 'Chumbi', 107),
       (539, 'Mbwara', 107),
       (540, 'Mgomba', 107),
       (541, 'Ngarambe', 107),
       (542, 'Mohoro', 107),
       (543, 'Kipugira', 107),
       (544, 'Umwe', 107),
       (545, 'Utete', 107),
       (546, 'Mkongo', 107),
       (547, 'Ngorongo', 107),
       (548, 'Mwaseni', 107),
       (549, 'Mahege', 107),
       (550, 'Mchukwi', 107),
       (551, 'Mtunda', 107),
       (552, 'Ruaruke', 107),
       (553, 'Salale', 107),
       (554, 'Mbuchi', 107),
       (555, 'Kiongoroni', 107),
       (556, 'Maparoni', 107),
       (557, 'Dimani', 107),
       (558, 'Mtawanya', 107),
       (559, 'Mjawa', 107),
       (560, 'Mlanzi', 107),
       (561, 'Mwambao', 107),
       (562, 'Msala', 107),
       (563, 'Kibiti', 107),
       (564, 'Bungu', 107),
       (565, 'Runzewe Mashariki', 19),
       (566, 'Bukombe', 19),
       (567, 'Bugelenga', 19),
       (568, 'Iyogelo', 19),
       (569, 'Igulwa', 19),
       (570, 'Runzewe Magharibi', 19),
       (571, 'Namonge', 19),
       (572, 'Uyovu', 19),
       (573, 'Busonzo', 19),
       (574, 'Ng anzo', 19),
       (575, 'Butinzya', 19),
       (576, 'Ushirombo', 19),
       (577, 'Lyambamgongo', 19),
       (578, 'Muganza', 20),
       (579, 'Bwina', 20),
       (580, 'Katende', 20),
       (581, 'Ilyamchele', 20),
       (582, 'Bukome', 20),
       (583, 'Buziku', 20),
       (584, 'Nyarutembo', 20),
       (585, 'Makurugusi', 20),
       (586, 'Buseresere', 20),
       (587, 'Butengorumasa', 20),
       (588, 'Bwongera', 20),
       (589, 'Iparamasa', 20),
       (590, 'Bwanga', 20),
       (591, 'Bwera', 20),
       (592, 'Kigongo', 20),
       (593, 'Nyamirembe', 20),
       (594, 'Ichwankima', 20),
       (595, 'Kachwamba', 20),
       (596, 'Kasenga', 20),
       (597, 'Ilemela', 20),
       (598, 'Chato', 20),
       (599, 'Nanda', 22),
       (600, 'Nyasato', 22),
       (601, 'Lugunga', 22),
       (602, 'Nyakafulu', 22),
       (603, 'Bukandwe', 22),
       (604, 'Ng homolwa', 22),
       (605, 'Masumbwe', 22),
       (606, 'Iponya', 22),
       (607, 'Ikobe', 22),
       (608, 'Lulembela', 22),
       (609, 'Ikunguigazi', 22),
       (610, 'Isebya', 22),
       (611, 'Ilolangulu', 22),
       (612, 'Mbogwe', 22),
       (613, 'Ngemo', 22),
       (614, 'Ushirika', 22),
       (615, 'Shabaka', 23),
       (616, 'Nyabulanda', 23),
       (617, 'Nyang hwale', 23),
       (618, 'Nyijundu', 23),
       (619, 'Busolwa', 23),
       (620, 'Kakora', 23),
       (621, 'Nyugwa', 23),
       (622, 'Bukwimba', 23),
       (623, 'Kafita', 23),
       (624, 'Kharumwa', 23),
       (625, 'Izunya', 23),
       (626, 'Mwingiro', 23),
       (627, 'Nyakahura', 28),
       (628, 'Nyabusozi', 28),
       (629, 'Nemba', 28),
       (630, 'Lusahunga', 28),
       (631, 'Kaniha', 28),
       (632, 'Nyantakara', 28),
       (633, 'Kalenge', 28),
       (634, 'Ruziba', 28),
       (635, 'Biharamulo Mjini', 28),
       (636, 'Bisibo', 28),
       (637, 'Nyarubungo', 28),
       (638, 'Nyamahanga', 28),
       (639, 'Runazi', 28),
       (640, 'Kabindi', 28),
       (641, 'Nyamigogo', 28),
       (642, 'Rubafu', 29),
       (643, 'Kanyangereko', 29),
       (644, 'Katerero', 29),
       (645, 'Kemondo', 29),
       (646, 'Nyakibimbili', 29),
       (647, 'Ibwera', 29),
       (648, 'Mikoni', 29),
       (649, 'Butelankuzi', 29),
       (650, 'Rubale', 29),
       (651, 'Rukoma', 29),
       (652, 'Kikomero', 29),
       (653, 'Kishanje', 29),
       (654, 'Kibirizi', 29),
       (655, 'Izimbya', 29),
       (656, 'Butulage', 29),
       (657, 'Ruhunga', 29),
       (658, 'Mugajwale', 29),
       (659, 'Kyamulaile', 29),
       (660, 'Katoro', 29),
       (661, 'Kaibanja', 29),
       (662, 'Kasharu', 29),
       (663, 'Kishogo', 29),
       (664, 'Kaagya', 29),
       (665, 'Buhendangabo', 29),
       (666, 'Nyakato', 29),
       (667, 'Katoma', 29),
       (668, 'Karabagaine', 29),
       (669, 'Bujugo', 29),
       (670, 'Maruku', 29),
       (671, 'Hamugembe', 29),
       (672, 'Kitendaguro', 29),
       (673, 'Kibeta', 29),
       (674, 'Kagondo', 29),
       (675, 'Nyanga', 29),
       (676, 'Rwamishenye', 29),
       (677, 'Nshambya', 29),
       (678, 'Buhembe', 29),
       (679, 'Kahororo', 29),
       (680, 'Kashai', 29),
       (681, 'Miembeni', 29),
       (682, 'Bilele', 29),
       (683, 'Bakoba', 29),
       (684, 'Ijuganyondo', 29),
       (685, 'Igurwa', 30),
       (686, 'Ihembe', 30),
       (687, 'Nyaishozi', 30),
       (688, 'Rugu', 30),
       (689, 'Nyakasimbi', 30),
       (690, 'Nyakakika', 30),
       (691, 'Nyakabanga', 30),
       (692, 'Bweranyange', 30),
       (693, 'Kibondo', 30),
       (694, 'Nyabiyonza', 30),
       (695, 'Kiruruma', 30),
       (696, 'Kanoni', 30),
       (697, 'Nyakahanga', 30),
       (698, 'Ihanda', 30),
       (699, 'Chonyonyo', 30),
       (700, 'Kihanga', 30),
       (701, 'Kayanga', 30),
       (702, 'Bugene', 30),
       (703, 'Ndama', 30),
       (704, 'Rugera', 30),
       (705, 'Isingiro', 31),
       (706, 'Kamuli', 31),
       (707, 'Nyakatuntu', 31),
       (708, 'Kimuli', 31),
       (709, 'Kikukuru', 31),
       (710, 'Rwabwere', 31),
       (711, 'Nkwenda', 31),
       (712, 'Rukuraijo', 31),
       (713, 'Kyerwa', 31),
       (714, 'Kaisho', 31),
       (715, 'Rutunguru', 31),
       (716, 'Kibingo', 31),
       (717, 'Murongo', 31),
       (718, 'Bugomora', 31),
       (719, 'Kibale', 31),
       (720, 'Mabira', 31),
       (721, 'Businde', 31),
       (722, 'Muhutwe', 33),
       (723, 'Kikuku', 33),
       (724, 'Bureza', 33),
       (725, 'Muleba', 33),
       (726, 'Ikondo', 33),
       (727, 'Buhangaza', 33),
       (728, 'Mazinga Kisiwa', 33),
       (729, 'Magata Karutanga', 33),
       (730, 'Gwanseli', 33),
       (731, 'Kibanga', 33),
       (732, 'Kasharunga', 33),
       (733, 'Mayondwe', 33),
       (734, 'Rulanda', 33),
       (735, 'Kimwani', 33),
       (736, 'Nyakabango', 33),
       (737, 'Kyebitembe', 33),
       (738, 'Karambi', 33),
       (739, 'Mubunda', 33),
       (740, 'Bisheke', 33),
       (741, 'Burungura', 33),
       (742, 'Biirabo', 33),
       (743, 'Mushabago', 33),
       (744, 'Goziba', 33),
       (745, 'Nyakatanga', 33),
       (746, 'Ngenge', 33),
       (747, 'Rutoro', 33),
       (748, 'Kabirizi', 33),
       (749, 'Nshamba', 33),
       (750, 'Kashasha', 33),
       (751, 'Ijumbi', 33),
       (752, 'Kishanda', 33),
       (753, 'Buganguzi', 33),
       (754, 'Ibuga', 33),
       (755, 'Kerebe', 33),
       (756, 'Bulyakashaju', 33),
       (757, 'Kamachumu', 33),
       (758, 'Ruhanga', 33),
       (759, 'Mafumbo', 33),
       (760, 'Bumbire', 33),
       (761, 'Ikuza', 33),
       (762, 'Izigo', 33),
       (763, 'Katoke', 33),
       (764, 'Kagoma', 33),
       (765, 'Kakunyu', 32),
       (766, 'Buyango', 32),
       (767, 'Bwanjai', 32),
       (768, 'Ishozi', 32),
       (769, 'Gera', 32),
       (770, 'Bugandika', 32),
       (771, 'Kitobo', 32),
       (772, 'Bugorora', 32),
       (773, 'Kyaka', 32),
       (774, 'Mushasha', 32),
       (775, 'Kilimilile', 32),
       (776, 'Nsunga', 32),
       (777, 'Mabale', 32),
       (778, 'Mutukula', 32),
       (779, 'Kassambya', 32),
       (780, 'Minziro', 32),
       (781, 'Ruzinga', 32),
       (782, 'Kashenye', 32),
       (783, 'Kanyigo', 32),
       (784, 'Ishunju', 32),
       (785, 'Rusumo', 34),
       (786, 'Mabawe', 34),
       (787, 'Kanazi', 34),
       (788, 'Mugoma', 34),
       (789, 'Kirushya', 34),
       (790, 'Ntobeye', 34),
       (791, 'Nyamiyaga', 34),
       (792, 'Ngara Mjini', 34),
       (793, 'Kibimba', 34),
       (794, 'Mbuba', 34),
       (795, 'Murukulazo', 34),
       (796, 'Nyakisasa', 34),
       (797, 'Kasulo', 34),
       (798, 'Rulenge', 34),
       (799, 'Keza', 34),
       (800, 'Murusagamba', 34),
       (801, 'Bugarama', 34),
       (802, 'Bukiriro', 34),
       (803, 'Kabanga', 34),
       (804, 'Nyamuswa', 60),
       (805, 'Butimba', 60),
       (806, 'Neruma', 60),
       (807, 'Kibara', 60),
       (808, 'Nansimo', 60),
       (809, 'Kisorya', 60),
       (810, 'Igundu', 60),
       (811, 'Iramba', 60),
       (812, 'Namhula', 60),
       (813, 'Salama', 60),
       (814, 'Nampindi', 60),
       (815, 'Chitengule', 60),
       (816, 'Kasuguti', 60),
       (817, 'Nyamanguta', 60),
       (818, 'Ketare', 60),
       (819, 'Mihingo', 60),
       (820, 'Mugeta', 60),
       (821, 'Hunyari', 60),
       (822, 'Guta', 60),
       (823, 'Wariku', 60),
       (824, 'Kabasa', 60),
       (825, 'Balili', 60),
       (826, 'Bunda Stoo', 60),
       (827, 'Nyasura', 60),
       (828, 'Nyamakokoto', 60),
       (829, 'Manyamanyama', 60),
       (830, 'Kabarimu', 60),
       (831, 'Nyatwali', 60),
       (832, 'Mcharo', 60),
       (833, 'Sazira', 60),
       (834, 'Kunzugu', 60),
       (835, 'Bunda Mjini', 60),
       (836, 'Bwiregi', 61),
       (837, 'Kyanyari', 61),
       (838, 'Kukirango', 61),
       (839, 'Buruma', 61),
       (840, 'Nyakatende', 61),
       (841, 'Etaro', 61),
       (842, 'Nyegina', 61),
       (843, 'Nyankanga', 61),
       (844, 'Bisumwa', 61),
       (845, 'Bukabwa', 61),
       (846, 'Butuguri', 61),
       (847, 'Buswahili', 61),
       (848, 'Busegwe', 61),
       (849, 'Kamugegi', 61),
       (850, 'Nyamimange', 61),
       (851, 'Sirorisimba', 61),
       (852, 'Buhemba', 61),
       (853, 'Mirwa', 61),
       (854, 'Muriaza', 61),
       (855, 'Butiama', 61),
       (856, 'Masaba', 61),
       (857, 'Kigunga', 63),
       (858, 'Kitembe', 63),
       (859, 'Mirare', 63),
       (860, 'Goribe', 63),
       (861, 'Ikoma', 63),
       (862, 'Koryo', 63),
       (863, 'Bukwe', 63),
       (864, 'Nyathorogo', 63),
       (865, 'Rabour', 63),
       (866, 'Kisumwa', 63),
       (867, 'Komuge', 63),
       (868, 'Kirogo', 63),
       (869, 'Nyamunga', 63),
       (870, 'Kyangombe', 63),
       (871, 'Nyamtinga', 63),
       (872, 'Nyamagaro', 63),
       (873, 'Nyahongo', 63),
       (874, 'Mkoma', 63),
       (875, 'Tai', 63),
       (876, 'Bukura', 63),
       (877, 'Roche', 63),
       (878, 'Kenyamonta', 64),
       (879, 'Natta', 64),
       (880, 'Issenye', 64),
       (881, 'Rigicha', 64),
       (882, 'Nyambureti', 64),
       (883, 'Nyamoko', 64),
       (884, 'Manchira', 64),
       (885, 'Kyambahi', 64),
       (886, 'Nyamatare', 64),
       (887, 'Majimoto', 64),
       (888, 'Busawe', 64),
       (889, 'Magange', 64),
       (890, 'Nyansurura', 64),
       (891, 'Mosongo', 64),
       (892, 'Sedeco', 64),
       (893, 'Mbalibali', 64),
       (894, 'Stendi Kuu', 64),
       (895, 'Geitasamo', 64),
       (896, 'Morotonga', 64),
       (897, 'Uwanja wa Ndege', 64),
       (898, 'Kisaka', 64),
       (899, 'Kebanchabancha', 64),
       (900, 'Ringwani', 64),
       (901, 'Rungabure', 64),
       (902, 'Machochwe', 64),
       (903, 'Kisangura', 64),
       (904, 'Mugumu', 64),
       (905, 'Susuni', 65),
       (906, 'Goronga', 65),
       (907, 'Nyarokoba', 65),
       (908, 'Kemambo', 65),
       (909, 'Kibasuka', 65),
       (910, 'Binagi', 65),
       (911, 'Manga', 65),
       (912, 'Mwema', 65),
       (913, 'Bumera', 65),
       (914, 'Komaswa', 65),
       (915, 'Kiore', 65),
       (916, 'Nyamaranga', 65),
       (917, 'Mbogi', 65),
       (918, 'Genyange', 65),
       (919, 'Nyansincha', 65),
       (920, 'Sirari', 65),
       (921, 'Itiryo', 65),
       (922, 'Pemba', 65),
       (923, 'Nyakonga', 65),
       (924, 'Nyarero', 65),
       (925, 'Nyamwaga', 65),
       (926, 'Muriba', 65),
       (927, 'Nyanungu', 65),
       (928, 'Turwa', 65),
       (929, 'Bomani', 65),
       (930, 'Nyandoto', 65),
       (931, 'Sabasaba', 65),
       (932, 'Nyamisangura', 65),
       (933, 'Kentare', 65),
       (934, 'Buswelu', 86),
       (935, 'Nyamanoro', 86),
       (936, 'Kirumba', 86),
       (937, 'Kitangiri', 86),
       (938, 'Pasiansi', 86),
       (939, 'Bugogwa', 86),
       (940, 'Sangabuye', 86),
       (941, 'Walla', 87),
       (942, 'Maligisu', 87),
       (943, 'Mwandu', 87),
       (944, 'Malya', 87),
       (945, 'Lyoma', 87),
       (946, 'Mwanghalanga', 87),
       (947, 'Nyamilama', 87),
       (948, 'Mwakilyambiti', 87),
       (949, 'Hungumalwa', 87),
       (950, 'Mwamala', 87),
       (951, 'Kikubiji', 87),
       (952, 'Bungulwa', 87),
       (953, 'Mhande', 87),
       (954, 'Bupamwa', 87),
       (955, 'Fukalo', 87),
       (956, 'Nghundi', 87),
       (957, 'Igongwa', 87),
       (958, 'Ngudu', 87),
       (959, 'Bugando', 87),
       (960, 'Nkalalo', 87),
       (961, 'Mwankulwe', 87),
       (962, 'Ilula', 87),
       (963, 'Sumve', 87),
       (964, 'Shilembo', 87),
       (965, 'Mantare', 87),
       (966, 'Ngulla', 87),
       (967, 'Mwabomba', 87),
       (968, 'Mwagi', 87),
       (969, 'Iseni', 87),
       (970, 'Nyambiti', 87),
       (971, 'Kisesa', 88),
       (972, 'Mwamabanza', 88),
       (973, 'Sukuma', 88),
       (974, 'Lubugu', 88),
       (975, 'Nghaya', 88),
       (976, 'Nkungulu', 88),
       (977, 'Jinjimili', 88),
       (978, 'Shishani', 88),
       (979, 'Magu Mjini', 88),
       (980, 'Bujashi', 88),
       (981, 'Lutale', 88),
       (982, 'Kongolo', 88),
       (983, 'Nyanguge', 88),
       (984, 'Kitongo Sima', 88),
       (985, 'Mwamanga', 88),
       (986, 'Kahangara', 88),
       (987, 'Nyigogo', 88),
       (988, 'Bulemeji', 89),
       (989, 'Misasi', 89),
       (990, 'Kijima', 89),
       (991, 'Shilalo', 89),
       (992, 'Buhingo', 89),
       (993, 'Busongo', 89),
       (994, 'Nhundulu', 89),
       (995, 'Lubili', 89),
       (996, 'Ilujamate', 89),
       (997, 'Mbarika', 89),
       (998, 'Sumbugu', 89),
       (999, 'Idetemya', 89),
       (1000, 'Kasololo', 89),
       (1001, 'Ilalambogo', 89),
       (1002, 'Isesa', 89),
       (1003, 'Gulumungu', 89),
       (1004, 'Mabuki', 89),
       (1005, 'Mamaye', 89),
       (1006, 'Fella', 89),
       (1007, 'Usagara', 89),
       (1008, 'Ukiriguru', 89),
       (1009, 'Kanyelele', 89),
       (1010, 'Koromije', 89),
       (1011, 'Igokelo', 89),
       (1012, 'Mwaniko', 89),
       (1013, 'Misungwi', 89),
       (1014, 'Mikuyuni', 90),
       (1015, 'Buhongwa', 90),
       (1016, 'Mkolani', 90),
       (1017, 'Igogo', 90),
       (1018, 'Pamba', 90),
       (1019, 'Nyamagana', 90),
       (1020, 'Mirongo', 90),
       (1021, 'Isamilo', 90),
       (1022, 'Mbugani', 90),
       (1023, 'Mahina', 90),
       (1024, 'Igoma', 90),
       (1025, 'Ibisabageni', 91),
       (1026, 'Igalula', 91),
       (1027, 'Kagunga', 91),
       (1028, 'Sima', 91),
       (1029, 'Nyamazugo', 91),
       (1030, 'Buzilasoga', 91),
       (1031, 'Irenza', 91),
       (1032, 'Kasenyi', 91),
       (1033, 'Mwabaluhi', 91),
       (1034, 'Chifunfu', 91),
       (1035, 'Nyatukala', 91),
       (1036, 'Nyampulukano', 91),
       (1037, 'Nyampande', 91),
       (1038, 'Kishinda', 91),
       (1039, 'Igulumuki', 91),
       (1040, 'Katunguru', 91),
       (1041, 'Kasungamile', 91),
       (1042, 'Nyamatongo', 91),
       (1043, 'Tabaruka', 91),
       (1044, 'Busisi', 91),
       (1045, 'Buyagu', 91),
       (1046, 'Nyakasungwa', 91),
       (1047, 'Kalebezo', 91),
       (1048, 'Nyehunge', 91),
       (1049, 'Kafunzo', 91),
       (1050, 'Bupandwa', 91),
       (1051, 'Katwe', 91),
       (1052, 'Maisome', 91),
       (1053, 'Kazunzu', 91),
       (1054, 'Lugata', 91),
       (1055, 'Nyakaliro', 91),
       (1056, 'Nyakasasa', 91),
       (1057, 'Nyanzenda', 91),
       (1058, 'Bulyaheke', 91),
       (1059, 'Nansio', 92),
       (1060, 'Bwiro', 92),
       (1061, 'Muriti', 92),
       (1062, 'Ilangala', 92),
       (1063, 'Namilembe', 92),
       (1064, 'Nduruma', 92),
       (1065, 'Murutunguru', 92),
       (1066, 'Kagunguli', 92),
       (1067, 'Bukindo', 92),
       (1068, 'Namagondo', 92),
       (1069, 'Ngoma', 92),
       (1070, 'Kagera', 92),
       (1071, 'Bwisya', 92),
       (1072, 'Bukungu', 92),
       (1073, 'Nyamanga', 92),
       (1074, 'Bukiko', 92),
       (1075, 'Irugwa', 92),
       (1076, 'Nakatunguru', 92),
       (1077, 'Kakerege', 92),
       (1078, 'Bukongo', 92),
       (1079, 'Nkilizya', 92),
       (1080, 'Bukanda', 92),
       (1081, 'Mukituntu', 92),
       (1082, 'Igalla', 92),
       (1083, 'Karatu', 2),
       (1084, 'Qurus', 2),
       (1085, 'Ganako', 2),
       (1086, 'Rhotia', 2),
       (1087, 'Mbulumbulu', 2),
       (1088, 'Endamaghang', 2),
       (1089, 'Endamarariek', 2),
       (1090, 'Buger', 2),
       (1091, 'Endabash', 2),
       (1092, 'Kansay', 2),
       (1093, 'Baray', 2),
       (1094, 'Mangola', 2),
       (1095, 'Daa', 2),
       (1096, 'Oldean', 2),
       (1097, 'Ketumbeine', 3),
       (1098, 'Kimokouwa', 3),
       (1099, 'Namanga', 3),
       (1100, 'Orbomba', 3),
       (1101, 'Longido', 3),
       (1102, 'Tingatinga', 3),
       (1103, 'Olmolog', 3),
       (1104, 'Kamwanga', 3),
       (1105, 'Engikaret', 3),
       (1106, 'Elengata Dapash', 3),
       (1107, 'Ilorienito', 3),
       (1108, 'Gelai Meirugoi', 3),
       (1109, 'Gelai Lumbwa', 3),
       (1110, 'Matale', 3),
       (1111, 'Engarenaibor', 3),
       (1112, 'Mundarara', 3),
       (1113, 'Engaruka', 5),
       (1114, 'Esilalei', 5),
       (1115, 'Mto wa Mbu', 5),
       (1116, 'Lepurko', 5),
       (1117, 'Meserani', 5),
       (1118, 'Mswakini', 5),
       (1119, 'Selela', 5),
       (1120, 'Monduli Juu', 5),
       (1121, 'Engutoto', 5),
       (1122, 'Monduli Mjini', 5),
       (1123, 'Moita', 5),
       (1124, 'Sepeko', 5),
       (1125, 'Lolkisale', 5),
       (1126, 'Makuyuni', 5),
       (1127, 'Orgosorok', 6),
       (1128, 'Ngorongoro', 6),
       (1129, 'Enduleni', 6),
       (1130, 'Kakesio', 6),
       (1131, 'Arash', 6),
       (1132, 'Soit-Sambu', 6),
       (1133, 'Enguserosambu', 6),
       (1134, 'Oloirien', 6),
       (1135, 'Samunge', 6),
       (1136, 'Alailelai', 6),
       (1137, 'Maalon', 6),
       (1138, 'Digodigo', 6),
       (1139, 'Ololosokwan', 6),
       (1140, 'Oloipiri', 6),
       (1141, 'Oldonyosambu', 6),
       (1142, 'Pinyinyi', 6),
       (1143, 'Sale', 6),
       (1144, 'Malambo', 6),
       (1145, 'Naiyobi', 6),
       (1146, 'Nainokanoka', 6),
       (1147, 'Olbalbal', 6),
       (1148, 'Machame Mashariki', 44),
       (1149, 'Hai Mjini', 44),
       (1150, 'Masama Kati', 44),
       (1151, 'Machame Weruweru', 44),
       (1152, 'KIA', 44),
       (1153, 'Machame Narumu', 44),
       (1154, 'Machame Kusini', 44),
       (1155, 'Machame Kaskazini', 44),
       (1156, 'Machame Magharibi', 44),
       (1157, 'Machame Uroki', 44),
       (1158, 'Masama Mashariki', 44),
       (1159, 'Masama Magharibi', 44),
       (1160, 'Masama Kusini', 44),
       (1161, 'Masama Rundugai', 44),
       (1162, 'Mwika Kusini', 45),
       (1163, 'Kirua Vunjo Mashariki', 45),
       (1164, 'Kirua Vunjo Magharibi', 45),
       (1165, 'Kahe', 45),
       (1166, 'Kahe Mashariki', 45),
       (1167, 'Old Moshi Mashariki', 45),
       (1168, 'Old Moshi Magharibi', 45),
       (1169, 'Mbokomu', 45),
       (1170, 'Uru Mashariki', 45),
       (1171, 'Uru Shimbwe', 45),
       (1172, 'Uru Kusini', 45),
       (1173, 'Mwika Kaskazini', 45),
       (1174, 'Uru Kaskazini', 45),
       (1175, 'Mabogini', 45),
       (1176, 'Arusha Chini', 45),
       (1177, 'Kibosho Mashariki', 45),
       (1178, 'Kibosho Kati', 45),
       (1179, 'Kibosho Magharibi', 45),
       (1180, 'Kindi', 45),
       (1181, 'Kiruavunjo Kusini', 45),
       (1182, 'Kirima', 45),
       (1183, 'Okaoni', 45),
       (1184, 'Mamba Kaskazini', 45),
       (1185, 'Kimochi', 45),
       (1186, 'Kilema Kati', 45),
       (1187, 'Mamba Kusini', 45),
       (1188, 'Marangu Mashariki', 45),
       (1189, 'Marangu Magharibi', 45),
       (1190, 'Kilema Kaskazini', 45),
       (1191, 'Kilema Kusini', 45),
       (1192, 'Kilimanjaro', 45),
       (1193, 'Pasua', 45),
       (1194, 'Kaloleni', 45),
       (1195, 'Kiboriloni', 45),
       (1196, 'Msaranga', 45),
       (1197, 'Karanga', 45),
       (1198, 'Longuo B', 45),
       (1199, 'Mfumuni', 45),
       (1200, 'Soweto', 45),
       (1201, 'Boma Mbuzi', 45),
       (1202, 'Njoro', 45),
       (1203, 'Ngambo', 45),
       (1204, 'Shirimatunda', 45),
       (1205, 'Mji Mpya', 45),
       (1206, 'Mawenzi', 45),
       (1207, 'Rau', 45),
       (1208, 'Korongoni', 45),
       (1209, 'Kiusa', 45),
       (1210, 'Bondeni', 45),
       (1211, 'Kileo', 46),
       (1212, 'Chomvu', 46),
       (1213, 'Ngujini', 46),
       (1214, 'Kirya', 46),
       (1215, 'Kilomeni', 46),
       (1216, 'Shighatini', 46),
       (1217, 'Langata', 46),
       (1218, 'Mgagao', 46),
       (1219, 'Toloha', 46),
       (1220, 'Kigonigoni', 46),
       (1221, 'Kivisini', 46),
       (1222, 'Msangeni', 46),
       (1223, 'Kifula', 46),
       (1224, 'Kighare', 46),
       (1225, 'Kwakoa', 46),
       (1226, 'Lembeni', 46),
       (1227, 'Jipe', 46),
       (1228, 'Mamsera', 47),
       (1229, 'Mrao Keryo', 47),
       (1230, 'Kirwa Keni', 47),
       (1231, 'Katangara Mrere', 47),
       (1232, 'Kisale Msaranga', 47),
       (1233, 'Olele', 47),
       (1234, 'Kirongo Samanga', 47),
       (1235, 'Kitirima Kingachi', 47),
       (1236, 'Ubetu Kahe', 47),
       (1237, 'Nanjara Reha', 47),
       (1238, 'Tarakea Motamburu', 47),
       (1239, 'Mahida', 47),
       (1240, 'Motamburu Kitendeni', 47),
       (1241, 'Marangu Kitowo', 47),
       (1242, 'Ngoyoni', 47),
       (1243, 'Holili', 47),
       (1244, 'Mengwe', 47),
       (1245, 'Keni Mengeni', 47),
       (1246, 'Aleni', 47),
       (1247, 'Shimbi', 47),
       (1248, 'Makiidi', 47),
       (1249, 'Kelamfua Mokala', 47),
       (1250, 'Ushiri Ikuini', 47),
       (1251, 'Same', 48),
       (1252, 'Vuje', 48),
       (1253, 'Bombo', 48),
       (1254, 'Mtii', 48),
       (1255, 'Maore', 48),
       (1256, 'Ndungu', 48),
       (1257, 'Kihurio', 48),
       (1258, 'Bendera', 48),
       (1259, 'Myamba', 48),
       (1260, 'Mpinji', 48),
       (1261, 'Bwambo', 48),
       (1262, 'Ruvu', 48),
       (1263, 'Vunta', 48),
       (1264, 'Chome', 48),
       (1265, 'Suji', 48),
       (1266, 'Makanya', 48),
       (1267, 'Hedaru', 48),
       (1268, 'Kirangare', 48),
       (1269, 'Kisima', 48),
       (1270, 'Stesheni', 48),
       (1271, 'Vumari', 48),
       (1272, 'Mabilioni', 48),
       (1273, 'Kalemawe', 48),
       (1274, 'Lugulu', 48),
       (1275, 'Kisiwani', 48),
       (1276, 'Msindo', 48),
       (1277, 'Mshewa', 48),
       (1278, 'Mhezi', 48),
       (1279, 'Mwembe', 48),
       (1280, 'Vudee', 48),
       (1281, 'Ndumeti', 49),
       (1282, 'Kashashi', 49),
       (1283, 'Karansi', 49),
       (1284, 'Olkolili', 49),
       (1285, 'Miti mirefu', 49),
       (1286, 'Ormelili', 49),
       (1287, 'Donyomurwak', 49),
       (1288, 'Kiruwa', 49),
       (1289, 'Songu', 49),
       (1290, 'Ngarenairobi', 49),
       (1291, 'Gararagua', 49),
       (1292, 'Sanya Juu', 49),
       (1293, 'Biriri', 49),
       (1294, 'Makiwaru', 49),
       (1295, 'Nasai', 49),
       (1296, 'Livishi', 49),
       (1297, 'Ivaeny', 49),
       (1298, 'Balangidalalu', 56),
       (1299, 'Gitting', 56),
       (1300, 'Masakta', 56),
       (1301, 'Masqaroda', 56),
       (1302, 'Endasak', 56),
       (1303, 'Gidahababieg', 56),
       (1304, 'Measkron', 56),
       (1305, 'Hidet', 56),
       (1306, 'Simbay', 56),
       (1307, 'Sirop', 56),
       (1308, 'Gisambalang', 56),
       (1309, 'Gehandu', 56),
       (1310, 'Nangwa', 56),
       (1311, 'Katesh', 56),
       (1312, 'Ganana', 56),
       (1313, 'Dirma', 56),
       (1314, 'Lalaji', 56),
       (1315, 'Endasiwold', 56),
       (1316, 'Laghanga', 56),
       (1317, 'Getanuwas', 56),
       (1318, 'Hirbadaw', 56),
       (1319, 'Bassodesh', 56),
       (1320, 'Bassotu', 56),
       (1321, 'Gendabi', 56),
       (1322, 'Mogitu', 56),
       (1323, 'Kibaya', 57),
       (1324, 'Dongo', 57),
       (1325, 'Dosidosi', 57),
       (1326, 'Engusero', 57),
       (1327, 'Matui', 57),
       (1328, 'Bwagamoyo', 57),
       (1329, 'Loolera', 57),
       (1330, 'Magungu', 57),
       (1331, 'Chapakazi', 57),
       (1332, 'Namelock', 57),
       (1333, 'Partimbo', 57),
       (1334, 'Olboloti', 57),
       (1335, 'Makame', 57),
       (1336, 'Ndedo', 57),
       (1337, 'Kijungu', 57),
       (1338, 'Lengatei', 57),
       (1339, 'Sunya', 57),
       (1340, 'Dongobesh', 58),
       (1341, 'Tumati', 58),
       (1342, 'Maretadu', 58),
       (1343, 'Maghang', 58),
       (1344, 'Haydom', 58),
       (1345, 'Yaeda Chini', 58),
       (1346, 'Masieda', 58),
       (1347, 'Endamilay', 58),
       (1348, 'Yaeda Ampa', 58),
       (1349, 'Nambisi', 58),
       (1350, 'Dinamu', 58),
       (1351, 'Ayamohe', 58),
       (1352, 'Endagikot', 58),
       (1353, 'Geterer', 58),
       (1354, 'Hayderer', 58),
       (1355, 'Eshkesh', 58),
       (1356, 'Gidihim', 58),
       (1357, 'Ayamaami', 58),
       (1358, 'Bashay', 58),
       (1359, 'Daudi', 58),
       (1360, 'Marang', 58),
       (1361, 'Gunyoda', 58),
       (1362, 'Nahasey', 58),
       (1363, 'Bargish', 58),
       (1364, 'Sanu Baray', 58),
       (1365, 'Imboru', 58),
       (1366, 'Kainam', 58),
       (1367, 'Murray', 58),
       (1368, 'Tlawi', 58),
       (1369, 'Orkesumet', 59),
       (1370, 'Ngorika', 59),
       (1371, 'Liborsoit', 59),
       (1372, 'Ruvu Remiti', 59),
       (1373, 'Kitwai', 59),
       (1374, 'Komolo', 59),
       (1375, 'Naisinyai', 59),
       (1376, 'Endiamtu', 59),
       (1377, 'Endonyongijape', 59),
       (1378, 'Naberera', 59),
       (1379, 'Loiborsiret', 59),
       (1380, 'Emboreet', 59),
       (1381, 'Terrat', 59),
       (1382, 'Oljoro No. 5', 59),
       (1383, 'Shambarai', 59),
       (1384, 'Mrerani', 59),
       (1385, 'Msitu wa Tembo', 59),
       (1386, 'Malezi', 137),
       (1387, 'Mdoe', 137),
       (1388, 'Kwediyamba', 137),
       (1389, 'Kwenjugo', 137),
       (1390, 'Mabanda', 137),
       (1391, 'Konje', 137),
       (1392, 'Mlimani', 137),
       (1393, 'Msasa', 137),
       (1394, 'Kideleko', 137),
       (1395, 'Kwamagome', 137),
       (1396, 'Vibaoni', 137),
       (1397, 'Segera', 137),
       (1398, 'Sindeni', 137),
       (1399, 'Misima', 137),
       (1400, 'Kiva', 137),
       (1401, 'Kabuku', 137),
       (1402, 'Kwamatuku', 137),
       (1403, 'Kwedizinga', 137),
       (1404, 'Mgambo', 137),
       (1405, 'Komkonga', 137),
       (1406, 'Mkata', 137),
       (1407, 'Kabuku Ndani', 137),
       (1408, 'Ndolwa', 137),
       (1409, 'Kwamgwe', 137),
       (1410, 'Mazingara', 137),
       (1411, 'Kwamsisi', 137),
       (1412, 'Kwasunga', 137),
       (1413, 'Kwaluguru', 137),
       (1414, 'Kangata', 137),
       (1415, 'Kwankonje', 137),
       (1416, 'Kwachaga', 137),
       (1417, 'Lwande', 138),
       (1418, 'Mvungwe', 138),
       (1419, 'Kwediboma', 138),
       (1420, 'Saunyi', 138),
       (1421, 'Jaila', 138),
       (1422, 'Msanja', 138),
       (1423, 'Kisangasa', 138),
       (1424, 'Mabalanga', 138),
       (1425, 'Kibirashi', 138),
       (1426, 'Kilwa', 138),
       (1427, 'Tunguli', 138),
       (1428, 'Kikunde', 138),
       (1429, 'Kwekivu', 138),
       (1430, 'Songe', 138),
       (1431, 'Pagwi', 138),
       (1432, 'Masagulu', 138),
       (1433, 'Kimbe', 138),
       (1434, 'Kilindi', 138),
       (1435, 'Negero', 138),
       (1436, 'Mkindi', 138),
       (1437, 'Mashewa', 139),
       (1438, 'Lutindi', 139),
       (1439, 'Chekelei', 139),
       (1440, 'Mombo', 139),
       (1441, 'Mkalamo', 139),
       (1442, 'Mazinde', 139),
       (1443, 'Mkomazi', 139),
       (1444, 'Kwashemshi', 139),
       (1445, 'Mpale', 139),
       (1446, 'Mswaha', 139),
       (1447, 'Kizara', 139),
       (1448, 'Magamba Kwalukonge', 139),
       (1449, 'Magoma', 139),
       (1450, 'Kerenge', 139),
       (1451, 'Kwagunda', 139),
       (1452, 'Mnyuzi', 139),
       (1453, 'Vugiri', 139),
       (1454, 'Dindira', 139),
       (1455, 'Ngombezi', 139),
       (1456, 'Mtonga', 139),
       (1457, 'Magunga', 139),
       (1458, 'Kwamndolwa', 139),
       (1459, 'Old Korogwe', 139),
       (1460, 'Manundu', 139),
       (1461, 'Kilole', 139),
       (1462, 'Lushoto', 140),
       (1463, 'Mtae', 140),
       (1464, 'Sunga', 140),
       (1465, 'Rangwi', 140),
       (1466, 'Gare', 140),
       (1467, 'Mnazi', 140),
       (1468, 'Lunguza', 140),
       (1469, 'Mbaramo', 140),
       (1470, 'Mngaro', 140),
       (1471, 'Mlalo', 140),
       (1472, 'Mwangoi', 140),
       (1473, 'Shume', 140),
       (1474, 'Malindi', 140),
       (1475, 'Hemtoye', 140),
       (1476, 'Malibwi', 140),
       (1477, 'Kwai', 140),
       (1478, 'Mlola', 140),
       (1479, 'Ngwelo', 140),
       (1480, 'Kwekanga', 140),
       (1481, 'Lukozi', 140),
       (1482, 'Manolo', 140),
       (1483, 'Dule M', 140),
       (1484, 'Kwemshasha', 140),
       (1485, 'Ubiri', 140),
       (1486, 'Ngulwi', 140),
       (1487, 'Kwemashai', 140),
       (1488, 'Tamota', 140),
       (1489, 'Bumbuli', 140),
       (1490, 'Funta', 140),
       (1491, 'Mayo', 140),
       (1492, 'Baga', 140),
       (1493, 'Mlingano', 140),
       (1494, 'Mgwashi', 140),
       (1495, 'Nkongoi', 140),
       (1496, 'Dule B', 140),
       (1497, 'Maheza Ngulu', 140),
       (1498, 'Usambara', 140),
       (1499, 'Soni', 140),
       (1500, 'Vuga', 140),
       (1501, 'Mponde', 140),
       (1502, 'Mamba', 140),
       (1503, 'Mbuzii', 140),
       (1504, 'Misozwe', 141),
       (1505, 'Masuguru', 141),
       (1506, 'Tingeni', 141),
       (1507, 'Kilulu', 141),
       (1508, 'Mkuzi', 141),
       (1509, 'Mtindiro', 141),
       (1510, 'Kwafungo', 141),
       (1511, 'Songa', 141),
       (1512, 'Bwembwera', 141),
       (1513, 'Potwe', 141),
       (1514, 'Pande Darajani', 141),
       (1515, 'Nkumba', 141),
       (1516, 'Misalai', 141),
       (1517, 'Zirai', 141),
       (1518, 'Mbomole', 141),
       (1519, 'Amani', 141),
       (1520, 'Tongwe', 141),
       (1521, 'Mhamba', 141),
       (1522, 'Kwakifua', 141),
       (1523, 'Kwemkabala', 141),
       (1524, 'Ngomeni', 141),
       (1525, 'Genge', 141),
       (1526, 'Tanganyika', 141),
       (1527, 'Mpapayu', 141),
       (1528, 'Mlingoni', 141),
       (1529, 'Kigombe', 141),
       (1530, 'Lusanga', 141),
       (1531, 'Kicheba', 141),
       (1532, 'Magoroto', 141),
       (1533, 'Magila', 141),
       (1534, 'Mwakijembe', 142),
       (1535, 'Maramba', 142),
       (1536, 'Kigongoi', 142),
       (1537, 'Daluni', 142),
       (1538, 'Bosha', 142),
       (1539, 'Mapatano', 142),
       (1540, 'Bwiti', 142),
       (1541, 'Mnyenzani', 142),
       (1542, 'Doda', 142),
       (1543, 'Boma', 142),
       (1544, 'Parungu Kasera', 142),
       (1545, 'Mkinga', 142),
       (1546, 'Mayomboni', 142),
       (1547, 'Sigaya', 142),
       (1548, 'Duga', 142),
       (1549, 'Moa', 142),
       (1550, 'Manza', 142),
       (1551, 'Kwale', 142),
       (1552, 'Mtimbwani', 142),
       (1553, 'Gombero', 142),
       (1554, 'Mhinduro', 142),
       (1555, 'Pangani Mashariki', 143),
       (1556, 'Mikunguni', 143),
       (1557, 'Ubangaa', 143),
       (1558, 'Mkwaja', 143),
       (1559, 'Pangani Magharibi', 143),
       (1560, 'Bweni', 143),
       (1561, 'Madanga', 143),
       (1562, 'Kimanga', 143),
       (1563, 'Bushiri', 143),
       (1564, 'Mwera', 143),
       (1565, 'Tungamaa', 143),
       (1566, 'Kipumbwi', 143),
       (1567, 'Image', 25),
       (1568, 'Ukwega', 25),
       (1569, 'Boma la Ngombe', 25),
       (1570, 'Masisiwe', 25),
       (1571, 'Nguruhe', 25),
       (1572, 'Ngangange', 25),
       (1573, 'Ihimbo', 25),
       (1574, 'Lugalo', 25),
       (1575, 'Nyalumbu', 25),
       (1576, 'Mlafu', 25),
       (1577, 'Irole', 25),
       (1578, 'Ibumu', 25),
       (1579, 'Ruaha Mbuyuni', 25),
       (1580, 'Kimala', 25),
       (1581, 'Uhambingeto', 25),
       (1582, 'Udekwa', 25),
       (1583, 'Mtitu', 25),
       (1584, 'Dabaga', 25),
       (1585, 'Ukumbi', 25),
       (1586, 'Kiyowela', 27),
       (1587, 'Malangali', 27),
       (1588, 'Nyololo', 27),
       (1589, 'Ihowanza', 27),
       (1590, 'Ikweha', 27),
       (1591, 'Sadani', 27),
       (1592, 'Igombavu', 27),
       (1593, 'Bumilayinga', 27),
       (1594, 'Mtwango', 27),
       (1595, 'Isalavanu', 27),
       (1596, 'Rungemba', 27),
       (1597, 'Makungu', 27),
       (1598, 'Ifwagi', 27),
       (1599, 'Mdabulo', 27),
       (1600, 'Ihalimba', 27),
       (1601, 'Kibengu', 27),
       (1602, 'Mapanda', 27),
       (1603, 'Mpanga', 27),
       (1604, 'Ihanu', 27),
       (1605, 'Luhunga', 27),
       (1606, 'Mninga', 27),
       (1607, 'Kasanga', 27),
       (1608, 'Igowole', 27),
       (1609, 'Mtambula', 27),
       (1610, 'Itandula', 27),
       (1611, 'Mbalamaziwa', 27),
       (1612, 'Idunda', 27),
       (1613, 'Mbede', 35),
       (1614, 'Usevya', 35),
       (1615, 'Ikuba', 35),
       (1616, 'Mwamapuli', 35),
       (1617, 'Kasansa', 35),
       (1618, 'Nsenkwa', 35),
       (1619, 'Inyonga', 35),
       (1620, 'Ilunde', 35),
       (1621, 'Ilela', 35),
       (1622, 'Utende', 35),
       (1623, 'Kasokola', 35),
       (1624, 'Urwila', 35),
       (1625, 'Nsimbo', 35),
       (1626, 'Magamba', 35),
       (1627, 'Sitalike', 35),
       (1628, 'Machimboni', 35),
       (1629, 'Kapalala', 35),
       (1630, 'Itenka', 35),
       (1631, 'Ugala', 35),
       (1632, 'Litapunga', 35),
       (1633, 'Mtapenda', 35),
       (1634, 'Kakese', 36),
       (1635, 'Misunkumilo', 36),
       (1636, 'Shanwe', 36),
       (1637, 'Makanyagio', 36),
       (1638, 'Kashaulili', 36),
       (1639, 'Mpanda Hotel', 36),
       (1640, 'Kawajense', 36),
       (1641, 'Nsemulwa', 36),
       (1642, 'Ilembo', 36),
       (1643, 'Mishamo', 36),
       (1644, 'Mnyagala', 36),
       (1645, 'Kasekese', 36),
       (1646, 'Isengule', 36),
       (1647, 'Bulamata', 36),
       (1648, 'Ilangu', 36),
       (1649, 'Ipwaga', 36),
       (1650, 'Mpandandogo', 36),
       (1651, 'Mwese', 36),
       (1652, 'Katuma', 36),
       (1653, 'Kabungu', 36),
       (1654, 'Sibwesa', 36),
       (1655, 'Ikola', 36),
       (1656, 'Karema', 36),
       (1657, 'Kapalamsenga', 36),
       (1658, 'Kambikatoto', 67),
       (1659, 'Chalangwa', 67),
       (1660, 'Ifumbo', 67),
       (1661, 'Mafyeko', 67),
       (1662, 'Mkola', 67),
       (1663, 'Makongolosi', 67),
       (1664, 'Matwiga', 67),
       (1665, 'Matundasi', 67),
       (1666, 'Mtanila', 67),
       (1667, 'Lupatingatinga', 67),
       (1668, 'Luwalaje', 67),
       (1669, 'Sangambi', 67),
       (1670, 'Itewe', 67),
       (1671, 'Chokaa', 67),
       (1672, 'Lusungo', 68),
       (1673, 'Ngana', 68),
       (1674, 'Busale', 68),
       (1675, 'Ikama', 68),
       (1676, 'Ipinda', 68),
       (1677, 'Ngonga', 68),
       (1678, 'Ikimba', 68),
       (1679, 'Itope', 68),
       (1680, 'Talatala', 68),
       (1681, 'Makwale', 68),
       (1682, 'Kyela', 68),
       (1683, 'Matema', 68),
       (1684, 'Ndobo', 68),
       (1685, 'Kajunjumele', 68),
       (1686, 'Bujonde', 68),
       (1687, 'Ikolo', 68),
       (1688, 'Katumba Songwe', 68),
       (1689, 'Luhanga', 69),
       (1690, 'Ubaruku', 69),
       (1691, 'Igurusi', 69),
       (1692, 'Mwatenga', 69),
       (1693, 'Imalilosongwe', 69),
       (1694, 'Igava', 69),
       (1695, 'Ipwani', 69),
       (1696, 'Itamboleo', 69),
       (1697, 'Miyombweni', 69),
       (1698, 'Rujewa', 69),
       (1699, 'Madibira', 69),
       (1700, 'Lugelele', 69),
       (1701, 'Mawindi', 69),
       (1702, 'Ihahi', 69),
       (1703, 'Mapogoro', 69),
       (1704, 'Chimala', 69),
       (1705, 'Utengule Usangu', 69),
       (1706, 'Ruiwa', 69),
       (1707, 'Mahongole', 69),
       (1708, 'Swaya', 72),
       (1709, 'Masukulu', 72),
       (1710, 'Kisiba', 72),
       (1711, 'Masoko', 72),
       (1712, 'Bujela', 72),
       (1713, 'Ilima', 72),
       (1714, 'Masebe', 72),
       (1715, 'Kisondela', 72),
       (1716, 'Ikuti', 72),
       (1717, 'Malindo', 72),
       (1718, 'Mpuguso', 72),
       (1719, 'Kikole', 72),
       (1720, 'Lufingo', 72),
       (1721, 'Nkunga', 72),
       (1722, 'Kyimo', 72),
       (1723, 'Kinyala', 72),
       (1724, 'Kiwira', 72),
       (1725, 'Suma', 72),
       (1726, 'Isongole', 72),
       (1727, 'Ibighi', 72),
       (1728, 'Bagamoyo', 72),
       (1729, 'Kawetele', 72),
       (1730, 'Bulyaga', 72),
       (1731, 'Makandana', 72),
       (1732, 'Lufilyo', 72),
       (1733, 'Kisegese', 72),
       (1734, 'Lupata', 72),
       (1735, 'Kambasegela', 72),
       (1736, 'Kandete', 72),
       (1737, 'Luteba', 72),
       (1738, 'Mpombo', 72),
       (1739, 'Isange', 72),
       (1740, 'Kabula', 72),
       (1741, 'Lwangwa', 72),
       (1742, 'Lumbila', 93),
       (1743, 'Mundindi', 93),
       (1744, 'Mavanga', 93),
       (1745, 'Ibumi', 93),
       (1746, 'Nkomangombe', 93),
       (1747, 'Luilo', 93),
       (1748, 'Masasi', 93),
       (1749, 'Iwela', 93),
       (1750, 'Lupingu', 93),
       (1751, 'Ludewa', 93),
       (1752, 'Kilondo', 93),
       (1753, 'Ludende', 93),
       (1754, 'Luana', 93),
       (1755, 'Makonde', 93),
       (1756, 'Mkongobaki', 93),
       (1757, 'Lifuma', 93),
       (1758, 'Ruhuhu', 93),
       (1759, 'Mawengi', 93),
       (1760, 'Lupanga', 93),
       (1761, 'Mlangali', 93),
       (1762, 'Milo', 93),
       (1763, 'Lugarawa', 93),
       (1764, 'Madope', 93),
       (1765, 'Madilu', 93),
       (1766, 'Lupalilo', 95),
       (1767, 'Kigulu', 95),
       (1768, 'Matamba', 95),
       (1769, 'Mlondwe', 95),
       (1770, 'Kitulo', 95),
       (1771, 'Ikuwo', 95),
       (1772, 'Mfumbi', 95),
       (1773, 'Ipepo', 95),
       (1774, 'Mbalatse', 95),
       (1775, 'Tandala', 95),
       (1776, 'Luwumbu', 95),
       (1777, 'Iwawa', 95),
       (1778, 'Isapulano', 95),
       (1779, 'Kigala', 95),
       (1780, 'Itundu', 95),
       (1781, 'Mang`oto', 95),
       (1782, 'Lupila', 95),
       (1783, 'Ukwama', 95),
       (1784, 'Bulongwa', 95),
       (1785, 'Kipagilo', 95),
       (1786, 'Iniho', 95),
       (1787, 'Ipelele', 95),
       (1788, 'Saja', 97),
       (1789, 'Imalinyi', 97),
       (1790, 'Ulembwe', 97),
       (1791, 'Makoga', 97),
       (1792, 'Kipengere', 97),
       (1793, 'Igosi', 97),
       (1794, 'Wangama', 97),
       (1795, 'Kidugala', 97),
       (1796, 'Luduga', 97),
       (1797, 'Kijombe', 97),
       (1798, 'Wanging`ombe', 97),
       (1799, 'Ilembula', 97),
       (1800, 'Uhambule', 97),
       (1801, 'Usuka', 97),
       (1802, 'Igwachanya', 97),
       (1803, 'Mdandu', 97),
       (1804, 'Mwembenkoswe', 108),
       (1805, 'Legeza Mwendo', 108),
       (1806, 'Ulumi', 108),
       (1807, 'Mnamba', 108),
       (1808, 'Katete', 108),
       (1809, 'Kisumba', 108),
       (1810, 'Mkali', 108),
       (1811, 'Kilesha', 108),
       (1812, 'Mkowe', 108),
       (1813, 'Msanzi', 108),
       (1814, 'Matai', 108),
       (1815, 'Sopa', 108),
       (1816, 'Mwazye', 108),
       (1817, 'Katazi', 108),
       (1818, 'Mwimbi', 108),
       (1819, 'Mambwekenya', 108),
       (1820, 'Korongwe', 109),
       (1821, 'Wampembe', 109),
       (1822, 'Ninde', 109),
       (1823, 'Kirando', 109),
       (1824, 'Kabwe', 109),
       (1825, 'Kipili', 109),
       (1826, 'Nkandasi', 109),
       (1827, 'Namanyere', 109),
       (1828, 'Nkomolo', 109),
       (1829, 'Mtenga', 109),
       (1830, 'Mkwamba', 109),
       (1831, 'Chala', 109),
       (1832, 'Kipande', 109),
       (1833, 'Isale', 109),
       (1834, 'Kate', 109),
       (1835, 'Sintali', 109),
       (1836, 'Kala', 109),
       (1837, 'Mfinga', 110),
       (1838, 'Kipeta', 110),
       (1839, 'Kaoze', 110),
       (1840, 'Miangalua', 110),
       (1841, 'Kalambanzite', 110),
       (1842, 'Lusaka', 110),
       (1843, 'Laela', 110),
       (1844, 'Muze', 110),
       (1845, 'Mtowisa', 110),
       (1846, 'Milepa', 110),
       (1847, 'Sandulula', 110),
       (1848, 'Kaengesa', 110),
       (1849, 'Mpui', 110),
       (1850, 'Msanda Muungano', 110),
       (1851, 'Ilemba', 110),
       (1852, 'Pito', 110),
       (1853, 'Milanzi', 110),
       (1854, 'Matanga', 110),
       (1855, 'Kasense', 110),
       (1856, 'Chanji', 110),
       (1857, 'Mazwi', 110),
       (1858, 'Izia', 110),
       (1859, 'Katandala', 110),
       (1860, 'Old Sumbawanga', 110),
       (1861, 'Kizwite', 110),
       (1862, 'Ntendo', 110),
       (1863, 'Senga', 110),
       (1864, 'Mollo', 110),
       (1865, 'Myovizi', 71),
       (1866, 'Igamba', 71),
       (1867, 'Halungu', 71),
       (1868, 'Msia', 71),
       (1869, 'Mlowo', 71),
       (1870, 'Ipunga', 71),
       (1871, 'Isandula', 71),
       (1872, 'Vwawa', 71),
       (1873, 'Bara', 71),
       (1874, 'Nanyala', 71),
       (1875, 'Nambinzo', 71),
       (1876, 'Itaka', 71),
       (1877, 'Isansa', 71),
       (1878, 'Ruanda', 71),
       (1879, 'Iyula', 71),
       (1880, 'Nyimbili', 71),
       (1881, 'Tingi', 50),
       (1882, 'Miguruwe', 50),
       (1883, 'Likawage', 50),
       (1884, 'Nanjirinji', 50),
       (1885, 'Kiranjeranje', 50),
       (1886, 'Mandawa', 50),
       (1887, 'Lihimalyao', 50),
       (1888, 'Pande Mikoma', 50),
       (1889, 'Kivinjesingino', 50),
       (1890, 'Songosongo', 50),
       (1891, 'Miteja', 50),
       (1892, 'Kibata', 50),
       (1893, 'Mingumbi', 50),
       (1894, 'Kinjumbi', 50),
       (1895, 'Chumo', 50),
       (1896, 'Kipatimu', 50),
       (1897, 'Kandawale', 50),
       (1898, 'Njinjo', 50),
       (1899, 'Mitole', 50),
       (1900, 'Mipingo', 51),
       (1901, 'Nachunyu', 51),
       (1902, 'Mtama', 51),
       (1903, 'Nyangao', 51),
       (1904, 'Namupa', 51),
       (1905, 'Nyengedi', 51),
       (1906, 'Mtua', 51),
       (1907, 'Nahukahuka', 51),
       (1908, 'Nyangamara', 51),
       (1909, 'Mandwanga', 51),
       (1910, 'Mnara', 51),
       (1911, 'Kitomanga', 51),
       (1912, 'Chiponda', 51),
       (1913, 'Pangatena', 51),
       (1914, 'Longa', 51),
       (1915, 'Rutamba', 51),
       (1916, 'Kiwawa', 51),
       (1917, 'Mtumbya', 51),
       (1918, 'Matimba', 51),
       (1919, 'Nangaru', 51),
       (1920, 'Mchinga', 51),
       (1921, 'Namangwale', 51),
       (1922, 'Kilolambwani', 51),
       (1923, 'Kilangala', 51),
       (1924, 'Kiwalala', 51),
       (1925, 'Navanga', 51),
       (1926, 'Mnolela', 51),
       (1927, 'Sudi', 51),
       (1928, 'Ndoro', 51),
       (1929, 'Rasbura', 51),
       (1930, 'Mtanda', 51),
       (1931, 'Jamhuri', 51),
       (1932, 'Msanjihili', 51),
       (1933, 'Mingoyo', 51),
       (1934, 'Ng?apa', 51),
       (1935, 'Tandangongoro', 51),
       (1936, 'Chikonji', 51),
       (1937, 'Mbanja', 51),
       (1938, 'Mikumbi', 51),
       (1939, 'Mitandi', 51),
       (1940, 'Rahaleo', 51),
       (1941, 'Mwenge', 51),
       (1942, 'Matopeni', 51),
       (1943, 'Wailes', 51),
       (1944, 'Nachingwea', 51),
       (1945, 'Liwale Mjini', 52),
       (1946, 'Kiangara', 52),
       (1947, 'Kibutuka', 52),
       (1948, 'Nangano', 52),
       (1949, 'Mpigamiti', 52),
       (1950, 'Mirui', 52),
       (1951, 'Liwale B', 52),
       (1952, 'Mangirirkiti', 52),
       (1953, 'Nangando', 52),
       (1954, 'Likongowele', 52),
       (1955, 'Kichonda', 52),
       (1956, 'Mihumo', 52),
       (1957, 'Lilombe', 52),
       (1958, 'Ngongowele', 52),
       (1959, 'Mlembwe', 52),
       (1960, 'Makata', 52),
       (1961, 'Barikiwa', 52),
       (1962, 'Mkutano', 52),
       (1963, 'Mbaya', 52),
       (1964, 'Kimambi', 52),
       (1965, 'Nambambo', 53),
       (1966, 'Kilimarondo', 53),
       (1967, 'Mbondo', 53),
       (1968, 'Kiegei', 53),
       (1969, 'Chiola', 53),
       (1970, 'Mpiruka', 53),
       (1971, 'Nangowe', 53),
       (1972, 'Mkotokuyana', 53),
       (1973, 'Naipanga', 53),
       (1974, 'Kilimahewa', 53),
       (1975, 'Naipingo', 53),
       (1976, 'Mnerongongo', 53),
       (1977, 'Matekwe', 53),
       (1978, 'Marambo', 53),
       (1979, 'Namatula', 53),
       (1980, 'Ndomoni', 53),
       (1981, 'Ruponda', 53),
       (1982, 'Mneromiembeni', 53),
       (1983, 'Namapwia', 53),
       (1984, 'Kiparamnero', 53),
       (1985, 'Lionja', 53),
       (1986, 'Namikango', 53),
       (1987, 'Nditi', 53),
       (1988, 'Ruangwa', 54),
       (1989, 'Likunja', 54),
       (1990, 'Mnacho', 54),
       (1991, 'Nambilaje', 54),
       (1992, 'Mandarawe', 54),
       (1993, 'Matambarale', 54),
       (1994, 'Chibula', 54),
       (1995, 'Nandagala', 54),
       (1996, 'Mbekenyera', 54),
       (1997, 'Nanganga', 54),
       (1998, 'Chinongwe', 54),
       (1999, 'Nambilanje', 54),
       (2000, 'Nkowe', 54),
       (2001, 'Luchelegwa', 54),
       (2002, 'Chienjele', 54),
       (2003, 'Namichiga', 54),
       (2004, 'Narungombe', 54),
       (2005, 'Makanjiro', 54),
       (2006, 'Namatutwe', 80),
       (2007, 'Chiwata', 80),
       (2008, 'Mkundi', 80),
       (2009, 'Mkululu', 80),
       (2010, 'Nanjota', 80),
       (2011, 'Chiungutwa', 80),
       (2012, 'Mbuyuni', 80),
       (2013, 'Lipumburu', 80),
       (2014, 'Sindano', 80),
       (2015, 'Namalenga', 80),
       (2016, 'Mchauru', 80),
       (2017, 'Namajani', 80),
       (2018, 'Mnavira', 80),
       (2019, 'Chikolopola', 80),
       (2020, 'Lulindi', 80),
       (2021, 'Mlingula', 80),
       (2022, 'Chiwale', 80),
       (2023, 'Lukuledi', 80),
       (2024, 'Mpanyani', 80),
       (2025, 'Chigugu', 80),
       (2026, 'Mwena', 80),
       (2027, 'Mwenge Mtapika', 80),
       (2028, 'Migongo', 80),
       (2029, 'Sululu', 80),
       (2030, 'Mkuti', 80),
       (2031, 'Mpindimbi', 80),
       (2032, 'Nyasa', 80),
       (2033, 'Marika', 80),
       (2034, 'Mkomaindo', 80),
       (2035, 'Mtandi', 80),
       (2036, 'Jida', 80),
       (2037, 'Mangaka', 83),
       (2038, 'Mkonona', 83),
       (2039, 'Nanyumbu', 83),
       (2040, 'Chipuputa', 83),
       (2041, 'Napacho', 83),
       (2042, 'Nangomba', 83),
       (2043, 'Lumesule', 83),
       (2044, 'Likokona', 83),
       (2045, 'Sengenya', 83),
       (2046, 'Mnanje', 83),
       (2047, 'Mikangaula', 83),
       (2048, 'Maratani', 83),
       (2049, 'Nandete', 83),
       (2050, 'Chilangala', 84),
       (2051, 'Mkoma II', 84),
       (2052, 'Kitangari', 84),
       (2053, 'Malatu', 84),
       (2054, 'Mchemo', 84),
       (2055, 'Mtopwa', 84),
       (2056, 'Chiwonga', 84),
       (2057, 'Maputi', 84),
       (2058, 'Makukwe', 84),
       (2059, 'Mkwedu', 84),
       (2060, 'Nakahako', 84),
       (2061, 'Chihangu', 84),
       (2062, 'Nambali', 84),
       (2063, 'Nandwahi', 84),
       (2064, 'Mtunguru', 84),
       (2065, 'Mdimbampelempele', 84),
       (2066, 'Mpwapwa', 84),
       (2067, 'Mnyeu', 84),
       (2068, 'Chitekete', 84),
       (2069, 'Mnyambe', 84),
       (2070, 'Luchingu', 84),
       (2071, 'Makote', 84),
       (2072, 'Mcholi II', 84),
       (2073, 'Mtonya', 84),
       (2074, 'Makonga', 84),
       (2075, 'Nangwala', 84),
       (2076, 'Tulindane', 84),
       (2077, 'Julia', 84),
       (2078, 'Mkulungulu', 84),
       (2079, 'Mahumbika', 84),
       (2080, 'Mtumachi', 84),
       (2081, 'Nanguruwe', 84),
       (2082, 'Mkunya', 84),
       (2083, 'Mcholi I', 84),
       (2084, 'Namiyonga', 84),
       (2085, 'Mnekachi', 84),
       (2086, 'Tandahimba', 85),
       (2087, 'Lukokoda', 85),
       (2088, 'Mahuta', 85),
       (2089, 'Nanhyanga', 85),
       (2090, 'Chingungwe', 85),
       (2091, 'Mdimbamnyoma', 85),
       (2092, 'Milingodi', 85),
       (2093, 'Lyenje', 85),
       (2094, 'Chaume', 85),
       (2095, 'Mkonjowano', 85),
       (2096, 'Kitama', 85),
       (2097, 'Luagala', 85),
       (2098, 'Ngunja', 85),
       (2099, 'Mkwiti', 85),
       (2100, 'Litehu', 85),
       (2101, 'Nambahu', 85),
       (2102, 'Mihuta', 85),
       (2103, 'Kwanyama', 85),
       (2104, 'Mchichira', 85),
       (2105, 'Chikongola', 85),
       (2106, 'Dinduma', 85),
       (2107, 'Michenjele', 85),
       (2108, 'Mdumbwe', 85),
       (2109, 'Mihambwe', 85),
       (2110, 'Mkoreha', 85),
       (2111, 'Maundo', 85),
       (2112, 'Naputa', 85),
       (2113, 'Namikupa', 85),
       (2114, 'Mnyawa', 85),
       (2115, 'Kambarage', 111),
       (2116, 'Mapera', 111),
       (2117, 'Kipapa', 111),
       (2118, 'Kipololo', 111),
       (2119, 'Nyoni', 111),
       (2120, 'Maguu', 111),
       (2121, 'Kitumbalomo', 111),
       (2122, 'Mkako', 111),
       (2123, 'Litumbandyosi', 111),
       (2124, 'Mkalanga', 111),
       (2125, 'Langiro', 111),
       (2126, 'Mbuji', 111),
       (2127, 'Litembo', 111),
       (2128, 'Ngima', 111),
       (2129, 'Mkumbi', 111),
       (2130, 'Linda', 111),
       (2131, 'Matiri', 111),
       (2132, 'Ukata', 111),
       (2133, 'Kigonsera', 111),
       (2134, 'Kitura', 111),
       (2135, 'Namswea', 111),
       (2136, 'Mpapa', 111),
       (2137, 'Mhongozi', 111),
       (2138, 'Amani Makolo', 111),
       (2139, 'Wukiro', 111),
       (2140, 'Lukarasi', 111),
       (2141, 'Kihangi Mahuka', 111),
       (2142, 'Kikolo', 111),
       (2143, 'Luwaita', 111),
       (2144, 'Myangayanga', 111),
       (2145, 'Kitanda', 111),
       (2146, 'Mpepai', 111),
       (2147, 'Mateka', 111),
       (2148, 'Kagugu', 111),
       (2149, 'Mbambi', 111),
       (2150, 'Lusonga', 111),
       (2151, 'Matarawe', 111),
       (2152, 'Masumuni', 111),
       (2153, 'Betrehemu', 111),
       (2154, 'Luhuwiko', 111),
       (2155, 'Mbinga Mjini A', 111),
       (2156, 'Utiri', 111),
       (2157, 'Mbinga Mjini', 111),
       (2158, 'Mbangamao', 111),
       (2159, 'Kihungu', 111),
       (2160, 'Rwinga', 114),
       (2161, 'Luegu', 114),
       (2162, 'Namtumbo', 114),
       (2163, 'Mgombasi', 114),
       (2164, 'Iitola', 114),
       (2165, 'Likuyuseka', 114),
       (2166, 'Mputa', 114),
       (2167, 'Hanga', 114),
       (2168, 'Limamu', 114),
       (2169, 'Mchomoro', 114),
       (2170, 'Ligera', 114),
       (2171, 'Lusewa', 114),
       (2172, 'Magazini', 114),
       (2173, 'Luchili', 114),
       (2174, 'Namabengo', 114),
       (2175, 'Liparamba', 115),
       (2176, 'Liuli', 115),
       (2177, 'Kihagara', 115),
       (2178, 'Ngumbo', 115),
       (2179, 'Liwundi', 115),
       (2180, 'Mbaha', 115),
       (2181, 'Lituhi', 115),
       (2182, 'Chiwanda', 115),
       (2183, 'Mtipwili', 115),
       (2184, 'Kingerikiti', 115),
       (2185, 'Luhangarasi', 115),
       (2186, 'Kilosa', 115),
       (2187, 'Mbambabay', 115),
       (2188, 'Lipingo', 115),
       (2189, 'Wino', 112),
       (2190, 'Kilagano', 112),
       (2191, 'Maposeni', 112),
       (2192, 'Peramiho', 112),
       (2193, 'Mahanje', 112),
       (2194, 'Matimira', 112),
       (2195, 'Mtyangimbole', 112),
       (2196, 'Mkongotema', 112),
       (2197, 'Mbinga Mhalule', 112),
       (2198, 'Ndongosi', 112),
       (2199, 'Matumbi', 112),
       (2200, 'Mpandangindo', 112),
       (2201, 'Gumbiro', 112),
       (2202, 'Mpitimbi', 112),
       (2203, 'Muhukuru', 112),
       (2204, 'Magagura', 112),
       (2205, 'Litisha', 112),
       (2206, 'Mjini', 112),
       (2207, 'Subira', 112),
       (2208, 'Ruhuwiko', 112),
       (2209, 'Mshangano', 112),
       (2210, 'Mletele', 112),
       (2211, 'SeedFarm', 112),
       (2212, 'Tanga', 112),
       (2213, 'Msamala', 112),
       (2214, 'Lilambo', 112),
       (2215, 'Mwengemshindo', 112),
       (2216, 'Ndilimalitembo', 112),
       (2217, 'Misufini', 112),
       (2218, 'Mfaranyaki', 112),
       (2219, 'Lizaboni', 112),
       (2220, 'Bombambili', 112),
       (2221, 'Matogoro', 112),
       (2222, 'Ruvuma', 112),
       (2223, 'Lituta', 112),
       (2224, 'Matetereka', 112),
       (2225, 'Kalulu', 113),
       (2226, 'Misechela', 113),
       (2227, 'Namasakata', 113),
       (2228, 'Mtina', 113),
       (2229, 'Mchesi', 113),
       (2230, 'Lukumbule', 113),
       (2231, 'Nalasi Magharibi', 113),
       (2232, 'Mchoteka', 113),
       (2233, 'Marumba', 113),
       (2234, 'Mbesa', 113),
       (2235, 'Mlingoti Magharibi', 113),
       (2236, 'Ligunga', 113),
       (2237, 'Kidodoma', 113),
       (2238, 'Nandembo', 113),
       (2239, 'Nampungu', 113),
       (2240, 'Matemanga', 113),
       (2241, 'Namwinyu', 113),
       (2242, 'Mbati', 113),
       (2243, 'Nalasi Mashariki', 113),
       (2244, 'Mchuluka', 113),
       (2245, 'Namiungo', 113),
       (2246, 'Jakika', 113),
       (2247, 'Mlingoti Mashariki', 113),
       (2248, 'Masonya', 113),
       (2249, 'Sisikwasisi', 113),
       (2250, 'Mchangani', 113),
       (2251, 'Nanjoka', 113),
       (2252, 'Nakayaya', 113),
       (2253, 'Mindu', 113),
       (2254, 'Ngapa', 113),
       (2255, 'Nakapanya', 113),
       (2256, 'Muhuwesi', 113),
       (2257, 'Tuwemacho', 113),
       (2258, 'Ligoma', 113),
       (2259, 'Nyamugali', 37),
       (2260, 'Janda', 37),
       (2261, 'Munzeze', 37),
       (2262, 'Rusaba', 37),
       (2263, 'Muhinda', 37),
       (2264, 'Munanila', 37),
       (2265, 'Mwayaya', 37),
       (2266, 'Biharu', 37),
       (2267, 'Muyama', 37),
       (2268, 'Kajana', 37),
       (2269, 'Mugera', 37),
       (2270, 'Kilelema', 37),
       (2271, 'Munyegera', 37),
       (2272, 'Buhigwe', 37),
       (2273, 'Kibande', 37),
       (2274, 'Misezero', 41),
       (2275, 'Mabamba', 41),
       (2276, 'Bunyanbo', 41),
       (2277, 'Itaba', 41),
       (2278, 'Kitahana', 41),
       (2279, 'Bitare', 41),
       (2280, 'Murungu', 41),
       (2281, 'Busagara', 41),
       (2282, 'Rugongwe', 41),
       (2283, 'Busunzu', 41),
       (2284, 'Kumsenga', 41),
       (2285, 'Kizazi', 41),
       (2286, 'Nyabibuye', 38),
       (2287, 'Katanga', 38),
       (2288, 'Mugunzu', 38),
       (2289, 'Nyamtukuza', 38),
       (2290, 'Muhange', 38),
       (2291, 'Kasuga', 38),
       (2292, 'Kakonko', 38),
       (2293, 'Kiziguzigu', 38),
       (2294, 'Rugenge', 38),
       (2295, 'Kasanda', 38),
       (2296, 'Gwanumpu', 38),
       (2297, 'Kitanga', 39),
       (2298, 'Kurugongo', 39),
       (2299, 'Rungwe Mpya', 39),
       (2300, 'Asante Nyerere', 39),
       (2301, 'Titye', 39),
       (2302, 'Shunguliba', 39),
       (2303, 'Muzye', 39),
       (2304, 'Bugaga', 39),
       (2305, 'Kigembe', 39),
       (2306, 'Rusesa', 39),
       (2307, 'Kwaga', 39),
       (2308, 'Herushingo', 39),
       (2309, 'Nyamidaho', 39),
       (2310, 'Kitagata', 39),
       (2311, 'Nyachenda', 39),
       (2312, 'Buhoro', 39),
       (2313, 'Nyamnyusi', 39),
       (2314, 'Nyakitonto', 39),
       (2315, 'Kagerankanda', 39),
       (2316, 'Kigondo', 39),
       (2317, 'Msambara', 39),
       (2318, 'Ruhita', 39),
       (2319, 'Nyumbigwa', 39),
       (2320, 'Murufiti', 39),
       (2321, 'Nyansha', 39),
       (2322, 'Kasulu Mjini', 39),
       (2323, 'Muhunga', 39),
       (2324, 'Kalya', 43),
       (2325, 'Uvinza', 43),
       (2326, 'Mganza', 43),
       (2327, 'Mtego wa Noti', 43),
       (2328, 'Nguruka', 43),
       (2329, 'Itebula', 43),
       (2330, 'Buhingu', 43),
       (2331, 'Sigunga', 43),
       (2332, 'Sunuka', 43),
       (2333, 'Ilagala', 43),
       (2334, 'Simbo', 43),
       (2335, 'Kandaga', 43),
       (2336, 'Kazuramimba', 43),
       (2337, 'Nkindwabiye', 119),
       (2338, 'Ngulyati', 119),
       (2339, 'Kilalo', 119),
       (2340, 'Kasoli', 119),
       (2341, 'Gambosi', 119),
       (2342, 'Ikungulyabashashi', 119),
       (2343, 'Dutwa', 119),
       (2344, 'Sapiwi', 119),
       (2345, 'Mwaubingi', 119),
       (2346, 'Gilya', 119),
       (2347, 'Nkololo', 119),
       (2348, 'Mwaumatondo', 119),
       (2349, 'Mwadobana', 119),
       (2350, 'Sakwe', 119),
       (2351, 'Mhango', 119),
       (2352, 'Guduwi', 119),
       (2353, 'Nyakabindi', 119),
       (2354, 'Isanga', 119),
       (2355, 'Bariadi', 119),
       (2356, 'Nyangokolwa', 119),
       (2357, 'Somanda', 119),
       (2358, 'Bunamhala', 119),
       (2359, 'Shigala', 120),
       (2360, 'Ngasamo', 120),
       (2361, 'Malili', 120),
       (2362, 'Igalukilo', 120),
       (2363, 'Badugu', 120),
       (2364, 'Nyaluhande', 120),
       (2365, 'Kiloleli', 120),
       (2366, 'Mwamanyili', 120),
       (2367, 'Kabita', 120),
       (2368, 'Kalemela', 120),
       (2369, 'Lamadi', 120),
       (2370, 'Lutubiga', 120),
       (2371, 'Ndolelezi', 121),
       (2372, 'Lagangabilili', 121),
       (2373, 'Budalabujiga', 121),
       (2374, 'Nkoma', 121),
       (2375, 'Mwalushu', 121),
       (2376, 'Mwamapalala', 121),
       (2377, 'Nyamalapa', 121),
       (2378, 'Nhobora', 121),
       (2379, 'Zagayu', 121),
       (2380, 'Ikindilo', 121),
       (2381, 'Kinangweli', 121),
       (2382, 'Mbita', 121),
       (2383, 'Sawida', 121),
       (2384, 'Mwamtani', 121),
       (2385, 'Sagata', 121),
       (2386, 'Mwaswale', 121),
       (2387, 'Nkuyu', 121),
       (2388, 'Mhunze', 121),
       (2389, 'Migato', 121),
       (2390, 'Chinamili', 121),
       (2391, 'Mwanhuzi', 123),
       (2392, 'Imalaseko', 123),
       (2393, 'Mwabuzo', 123),
       (2394, 'Mwamalole', 123),
       (2395, 'Mwanjolo', 123),
       (2396, 'Mwabuma', 123),
       (2397, 'Mwabusalu', 123),
       (2398, 'Lubiga', 123),
       (2399, 'Mwamanongu', 123),
       (2400, 'Nghoboko', 123),
       (2401, 'Bukundi', 123),
       (2402, 'Mwasengela', 123),
       (2403, 'Mwamanimba', 123),
       (2404, 'Tindabuligi', 123),
       (2405, 'Mwakisandu', 123),
       (2406, 'Mwangundo', 123),
       (2407, 'Mwanyahina', 123),
       (2408, 'Kimali', 123),
       (2409, 'Mwamishali', 123),
       (2410, 'Itinje', 123),
       (2411, 'Mwandoya', 123),
       (2412, 'Lingeka', 123),
       (2413, 'Sakasaka', 123),
       (2414, 'Ngwigwa', 122),
       (2415, 'Budekwa', 122),
       (2416, 'Busilili', 122),
       (2417, 'Sengwa', 122),
       (2418, 'Masela', 122),
       (2419, 'Zanzui', 122),
       (2420, 'Mwamashimba', 122),
       (2421, 'Buchambi', 122),
       (2422, 'Kadoto', 122),
       (2423, 'Shishiyu', 122),
       (2424, 'Nguliguli', 122),
       (2425, 'Nyabubinza', 122),
       (2426, 'Mwanghonoli', 122),
       (2427, 'Kulimi', 122),
       (2428, 'Malampaka', 122),
       (2429, 'Badi', 122),
       (2430, 'Nyalikungu', 122),
       (2431, 'Binza', 122),
       (2432, 'Ipililo', 122),
       (2433, 'Senani', 122),
       (2434, 'Mwamanenge', 122),
       (2435, 'Mpindo', 122),
       (2436, 'Dakama', 122),
       (2437, 'Lalago', 122),
       (2438, 'Ngogwa', 116),
       (2439, 'Mwendakulima', 116),
       (2440, 'Zongomera', 116),
       (2441, 'Mhungula', 116),
       (2442, 'Nyihogo', 116),
       (2443, 'Nyasubi', 116),
       (2444, 'Kahama Mjini', 116),
       (2445, 'Busoka', 116),
       (2446, 'Kilago', 116),
       (2447, 'Iyenze', 116),
       (2448, 'Wendele', 116),
       (2449, 'Nyandekwa', 116),
       (2450, 'Kinaga', 116),
       (2451, 'Isagehe', 116),
       (2452, 'Kagongwa', 116),
       (2453, 'Nyahanga', 116),
       (2454, 'Malunga', 116),
       (2455, 'Mhongolo', 116),
       (2456, 'Bulyanhulu', 116),
       (2457, 'Ngaya', 116),
       (2458, 'Bulige', 116),
       (2459, 'Kashishi', 116),
       (2460, 'Mwanase', 116),
       (2461, 'Mwalugulu', 116),
       (2462, 'Jana', 116),
       (2463, 'Isaka', 116),
       (2464, 'Lunguya', 116),
       (2465, 'Shilela', 116),
       (2466, 'Segese', 116),
       (2467, 'Mega', 116),
       (2468, 'Chela', 116),
       (2469, 'Busangi', 116),
       (2470, 'Ntobo', 116),
       (2471, 'Chona', 116),
       (2472, 'Chambo', 116),
       (2473, 'Kisuke', 116),
       (2474, 'Mapamba', 116),
       (2475, 'Bukomela', 116),
       (2476, 'Ukune', 116),
       (2477, 'Igunda', 116),
       (2478, 'Kinamapula', 116),
       (2479, 'Igwamanoni', 116),
       (2480, 'Mpunze', 116),
       (2481, 'Sabasabini', 116),
       (2482, 'Idahina', 116),
       (2483, 'Bulungwa', 116),
       (2484, 'Nyankende', 116),
       (2485, 'Ulewe', 116),
       (2486, 'Ushetu', 116),
       (2487, 'Uyogo', 116),
       (2488, 'Ulowa', 116),
       (2489, 'Ubagwe', 116),
       (2490, 'Bunambiyu', 117),
       (2491, 'Shagihilu', 117),
       (2492, 'Somagedi', 117),
       (2493, 'Mwamalasa', 117),
       (2494, 'Masanga', 117),
       (2495, 'Lagana', 117),
       (2496, 'Mwamashele', 117),
       (2497, 'Ngofila', 117),
       (2498, 'Ukenyenge', 117),
       (2499, 'Talaga', 117),
       (2500, 'Bubiki', 117),
       (2501, 'Itilima', 117),
       (2502, 'Songwa', 117),
       (2503, 'Seke-Bugoro', 117),
       (2504, 'Mwadui Luhumbo', 117),
       (2505, 'Uchunga', 117),
       (2506, 'Kishapu', 117),
       (2507, 'Mwakipoya', 117),
       (2508, 'Igunga', 130),
       (2509, 'Igurubi', 130),
       (2510, 'Kinungu', 130),
       (2511, 'Itunduru', 130),
       (2512, 'Mwamashiga', 130),
       (2513, 'Choma', 130),
       (2514, 'Mwashiku', 130),
       (2515, 'Ziba', 130),
       (2516, 'Ndembezi', 130),
       (2517, 'Itumba', 130),
       (2518, 'Nkinga', 130),
       (2519, 'Ngulu', 130),
       (2520, 'Igoweko', 130),
       (2521, 'Mwisi', 130),
       (2522, 'Chabutwa', 130),
       (2523, 'Sungwizi', 130),
       (2524, 'Bukoko', 130),
       (2525, 'Isakamaliwa', 130),
       (2526, 'Nanga', 130),
       (2527, 'Nguvumoja', 130),
       (2528, 'Mbutu', 130),
       (2529, 'Kiningila', 130),
       (2530, 'Ukumbisiganga', 131),
       (2531, 'Igwisi', 131),
       (2532, 'Uyowa', 131),
       (2533, 'Silambo', 131),
       (2534, 'Sasu', 131),
       (2535, 'Seleli', 131),
       (2536, 'Ichemba', 131),
       (2537, 'Mwongozo', 131),
       (2538, 'Kanoge', 131),
       (2539, 'Kanindo', 131),
       (2540, 'Zugimlole', 131),
       (2541, 'Milambo', 131),
       (2542, 'Igombe Mkulu', 131),
       (2543, 'Ushokola', 131),
       (2544, 'Ugunga', 131),
       (2545, 'Kaliua', 131),
       (2546, 'Usinge', 131),
       (2547, 'Igagala', 131),
       (2548, 'Kamsekwa', 131),
       (2549, 'Kazaroho', 131),
       (2550, 'Puge', 132),
       (2551, 'Wela', 132),
       (2552, 'Muhugi', 132),
       (2553, 'Utwigu', 132),
       (2554, 'Lusu', 132),
       (2555, 'Nkiniziwa', 132),
       (2556, 'Nata', 132),
       (2557, 'Isanzu', 132),
       (2558, 'Itobo', 132),
       (2559, 'Mwangoye', 132),
       (2560, 'Sigili', 132),
       (2561, 'Igusule', 132),
       (2562, 'Shigamba', 132),
       (2563, 'Kasela', 132),
       (2564, 'Karitu', 132),
       (2565, 'Budushi', 132),
       (2566, 'Bukene', 132),
       (2567, 'Mogwa', 132),
       (2568, 'Mambali', 132),
       (2569, 'Kahama Nhalanga', 132),
       (2570, 'Uduka', 132),
       (2571, 'Semembela', 132),
       (2572, 'Isagenhe', 132),
       (2573, 'Ikindwa', 132),
       (2574, 'Mwakashanhala', 132),
       (2575, 'Tongi', 132),
       (2576, 'Mizibaziba', 132),
       (2577, 'Milambo Itobo', 132),
       (2578, 'Magengati', 132),
       (2579, 'Ndala', 132),
       (2580, 'Nzega Mjini', 132),
       (2581, 'Miguwa', 132),
       (2582, 'Itilo', 132),
       (2583, 'Ijanija', 132),
       (2584, 'Nzega Ndogo', 132),
       (2585, 'Tutuo', 133),
       (2586, 'Pangale', 133),
       (2587, 'Ipole', 133),
       (2588, 'Ngoywa', 133),
       (2589, 'Misheni', 133),
       (2590, 'Mole', 133),
       (2591, 'Mpombwe', 133),
       (2592, 'Usunga', 133),
       (2593, 'Kipanga', 133),
       (2594, 'Sikonge', 133),
       (2595, 'Igigwa', 133),
       (2596, 'Kiloli', 133),
       (2597, 'Kanyenye', 134),
       (2598, 'Cheyo', 134),
       (2599, 'Ng`ambo', 134),
       (2600, 'Kakola', 134),
       (2601, 'Uyui', 134),
       (2602, 'Itonjanda', 134),
       (2603, 'Ndevelwa', 134),
       (2604, 'Itetemia', 134),
       (2605, 'Tumbi', 134),
       (2606, 'Gongoni', 134),
       (2607, 'Kalunde', 134),
       (2608, 'Misha', 134),
       (2609, 'Kabila', 134),
       (2610, 'Ikomwa', 134),
       (2611, 'Ifucha', 134),
       (2612, 'Ntalikwa', 134),
       (2613, 'Kiloleni', 134),
       (2614, 'Mtendeni', 134),
       (2615, 'Isevya', 134),
       (2616, 'Ipuli', 134),
       (2617, 'Kapilula', 135),
       (2618, 'Ugalla', 135),
       (2619, 'Usisya', 135),
       (2620, 'Kasisi', 135),
       (2621, 'Imalamakoye', 135),
       (2622, 'Nsenda', 135),
       (2623, 'Ukondamoyo', 135),
       (2624, 'Urambo', 135),
       (2625, 'Vumilia', 135),
       (2626, 'Ussoke', 135),
       (2627, 'Uyumbu', 135),
       (2628, 'Lutende', 136),
       (2629, 'Ibiri', 136),
       (2630, 'Bukumbi', 136),
       (2631, 'Ikongolo', 136),
       (2632, 'Upuge', 136),
       (2633, 'Magiri', 136),
       (2634, 'Isikizya', 136),
       (2635, 'Shitage', 136),
       (2636, 'Loya', 136),
       (2637, 'Miswaki', 136),
       (2638, 'Tura', 136),
       (2639, 'Kizengi', 136),
       (2640, 'Nsololo', 136),
       (2641, 'Kigwa', 136),
       (2642, 'Miyenze', 136),
       (2643, 'Ibelamilundi', 136),
       (2644, 'Goweko', 136),
       (2645, 'Ilolanguru', 136),
       (2646, 'Mabama', 136),
       (2647, 'Ndono', 136),
       (2648, 'Ufulumwa', 136),
       (2649, 'Usagari', 136),
       (2651, 'Kalenga', 24),
       (2652, 'Kiwere', 24),
       (2653, 'Nzihi', 24),
       (2654, 'Ulanda', 24),
       (2655, 'Mseke', 24),
       (2656, 'Maguliwa', 24),
       (2657, 'Mgama', 24),
       (2658, 'Ifunda', 24),
       (2659, 'Lumuli', 24),
       (2660, 'Kihesa', 24),
       (2661, 'Mtwivila', 24),
       (2662, 'Gangilonga', 24),
       (2663, 'Kitanzini', 24),
       (2664, 'Mshindo', 24),
       (2665, 'Mivinjeni', 24),
       (2666, 'Mlandege', 24),
       (2667, 'Mwangata', 24),
       (2668, 'Maboga', 24),
       (2669, 'Wasa', 24),
       (2670, 'Mahuninga', 24),
       (2671, 'Idodi', 24),
       (2672, 'Mlowa', 24),
       (2673, 'Itunundu', 24),
       (2674, 'Ilolo Mpya', 24),
       (2675, 'Nduli', 24),
       (2676, 'Kihorogota', 24),
       (2677, 'Izazi', 24),
       (2678, 'Malenga Makali', 24),
       (2679, 'Nyangoro', 24),
       (2680, 'Luhota', 24),
       (2681, 'Lyamgungwe', 24),
       (2682, 'Mlenge', 24),
       (2683, 'Migoli', 24),
       (2684, 'Kwakilosa', 24),
       (2685, 'Makorongoni', 24),
       (2686, 'Mkwawa', 24),
       (2687, 'Kitwiru', 24),
       (2688, 'Isakalilo', 24),
       (2689, 'Mkigo', 42),
       (2690, 'Mwamgongo', 42),
       (2691, 'Kalinzi', 42),
       (2692, 'Bitale', 42),
       (2693, 'Mkongoro', 42),
       (2694, 'Mahembe', 42),
       (2695, 'Matendo', 42),
       (2696, 'Mungonya', 42),
       (2697, 'Gungu', 42),
       (2698, 'Buhanda', 42),
       (2699, 'Machinjioni', 42),
       (2700, 'Kasimbu', 42),
       (2701, 'Rubuga', 42),
       (2702, 'Kasingirima', 42),
       (2703, 'Kagongo', 42),
       (2704, 'Mwandiga', 42),
       (2705, 'Kitongoni', 42),
       (2706, 'Kipampa', 42),
       (2707, 'Rusimbi', 42),
       (2708, 'Buzebazeba', 42),
       (2709, 'Mwanga Kusini', 42),
       (2710, 'Kigoma', 42),
       (2711, 'Bangwe', 42),
       (2712, 'Mwanga Kaskazini', 42),
       (2713, 'Katubuka', 42),
       (2714, 'Njombe Mjini', 96),
       (2715, 'Ramadhani', 96),
       (2716, 'Yakobi', 96),
       (2717, 'Kifanya', 96),
       (2718, 'Ihanga', 96),
       (2719, 'Iwungilo', 96),
       (2720, 'Luponde', 96),
       (2721, 'Matola', 96),
       (2722, 'Igongolo', 96),
       (2723, 'Kichiwa', 96),
       (2724, 'Ninga', 96),
       (2725, 'Ikuna', 96),
       (2726, 'Kidegembye', 96),
       (2727, 'Matembwe', 96),
       (2728, 'Lupembe', 96),
       (2729, 'Ubena', 96),
       (2730, 'Lyamkena', 96),
       (2731, 'Mwembetogwa', 96),
       (2732, 'Kitandililo', 96),
       (2733, 'Makowo', 96),
       (2734, 'Lugenge', 96),
       (2735, 'Uwemba', 96),
       (2736, 'Utalingolo', 96),
       (2737, 'Mfriga', 96),
       (2738, 'Idamba', 96),
       (2739, 'Mwamalili', 118),
       (2740, 'Kolandoto', 118),
       (2741, 'Ngokolo', 118),
       (2742, 'Ibadakuli', 118),
       (2743, 'Shinyanga Mjini', 118),
       (2744, 'Chamaguha', 118),
       (2745, 'Ibinzamata', 118),
       (2746, 'Kitangili', 118),
       (2747, 'Kizumbi', 118),
       (2748, 'Imesela', 118),
       (2749, 'Usule', 118),
       (2750, 'Ilola', 118),
       (2751, 'Didia', 118),
       (2752, 'Itwangi', 118),
       (2753, 'Tinde', 118),
       (2754, 'Mwakitolyo', 118),
       (2755, 'Salawe', 118),
       (2756, 'Solwa', 118),
       (2757, 'Mwawaza', 118),
       (2758, 'Chibe', 118),
       (2759, 'Lubaga', 118),
       (2760, 'Masekelo', 118),
       (2761, 'Old Shinyanga', 118),
       (2762, 'Iselamagazi', 118),
       (2763, 'Lyabukande', 118),
       (2764, 'Mwantini', 118),
       (2765, 'Pandagichiza', 118),
       (2766, 'Samuye', 118),
       (2767, 'Usanda', 118),
       (2768, 'Puni', 118),
       (2769, 'Nyida', 118),
       (2770, 'Nsalala', 118),
       (2771, 'Masengwa', 118),
       (2772, 'Lyabusalu', 118),
       (2773, 'Mwalukwa', 118),
       (2774, 'Nyamalogo', 118),
       (2775, 'Lyamidati', 118),
       (2776, 'Mudida', 128),
       (2777, 'Makuro', 128),
       (2778, 'Ikhanoda', 128),
       (2779, 'Mwasauya', 128),
       (2780, 'Msange', 128),
       (2781, 'Maghojoa', 128),
       (2782, 'Itaja', 128),
       (2783, 'Ngimu', 128),
       (2784, 'Mughunga', 128),
       (2785, 'Mtipa', 128),
       (2786, 'Mughanga', 128),
       (2787, 'Mitunduruni', 128),
       (2788, 'Unyambwa', 128),
       (2789, 'Mungumaji', 128),
       (2790, 'Unyamikumbi', 128),
       (2791, 'Mtamaa', 128),
       (2792, 'Kindai', 128),
       (2793, 'Mgori', 128),
       (2794, 'Mughamo', 128),
       (2795, 'Kinyagigi', 128),
       (2796, 'Merya', 128),
       (2797, 'Kinyeto', 128),
       (2798, 'Ntonge', 128),
       (2799, 'Ilongero', 128),
       (2800, 'Mrama', 128),
       (2801, 'Kijota', 128),
       (2802, 'Mtinko', 128),
       (2803, 'Ughandi', 128),
       (2804, 'Ipembe', 128),
       (2805, 'Utemini', 128),
       (2806, 'Mwankoko', 128),
       (2807, 'Mandewa', 128),
       (2808, 'Minga', 128),
       (2809, 'Misuna', 128),
       (2810, 'Uhamaka', 128),
       (2811, 'Central', 144),
       (2812, 'Nguvumali', 144),
       (2813, 'Chumbageni', 144),
       (2814, 'Ngamiani Kaskazini', 144),
       (2815, 'Ngamiani Kati', 144),
       (2816, 'Ngamiani Kusini', 144),
       (2817, 'Makorora', 144),
       (2818, 'Mzingani', 144),
       (2819, 'Msambweni', 144),
       (2820, 'Mwanzange', 144),
       (2821, 'Tangasisi', 144),
       (2822, 'Mabawa', 144),
       (2823, 'Tongoni', 144),
       (2824, 'Marungu', 144),
       (2825, 'Pongwe', 144),
       (2826, 'Maweni', 144),
       (2827, 'Mzizima', 144),
       (2828, 'Mabokweni', 144),
       (2829, 'Kirare', 144),
       (2830, 'Kiomoni', 144),
       (2831, 'Chongoleani', 144),
       (2832, 'Mbuguni', 4),
       (2833, 'Shambarai Burka', 4),
       (2834, 'Maroroni', 4),
       (2835, 'Makiba', 4),
       (2836, 'Kikwe', 4),
       (2837, 'Kingori', 4),
       (2838, 'Malula', 4),
       (2839, 'Ngarenanyuki', 4),
       (2840, 'Uwiro', 4),
       (2841, 'Ngabobo', 4),
       (2842, 'Kikatiti', 4),
       (2843, 'Leguruki', 4),
       (2844, 'Maruvango', 4),
       (2845, 'Maji ya chai', 4),
       (2846, 'Imbaseni', 4),
       (2847, 'Nkoaranga', 4),
       (2848, 'Nkoanekoli', 4),
       (2849, 'Nkoarisambu', 4),
       (2850, 'Seela Singisi', 4),
       (2851, 'Akheri', 4),
       (2852, 'Poli', 4),
       (2853, 'Nkoanrua', 4),
       (2854, 'Ambureni', 4),
       (2855, 'Usariver', 4),
       (2856, 'Wambi', 26),
       (2857, 'Kinyanambo', 26),
       (2858, 'Upendo', 26),
       (2859, 'Sao Hill', 26),
       (2860, 'Changarawe', 26),
       (2861, 'Singe', 55),
       (2862, 'Bonga', 55),
       (2863, 'Nangara', 55),
       (2864, 'Babati', 55),
       (2865, 'Bagara', 55),
       (2866, 'Maisaka', 55),
       (2867, 'Mutuka', 55),
       (2868, 'Sigino', 55),
       (2869, 'Bweri', 62),
       (2870, 'Rwamlimi', 62),
       (2871, 'Kigera', 62),
       (2872, 'Kwangwa', 62),
       (2873, 'Makoko', 62),
       (2874, 'Mwisenge', 62),
       (2875, 'Mshikamano', 62),
       (2876, 'Buhare', 62),
       (2877, 'Iringo', 62),
       (2878, 'Kamunyonge', 62),
       (2879, 'Kitaji', 62),
       (2880, 'Mkendo', 62),
       (2881, 'Mwigobero', 62),
       (2882, 'Nyasho', 62),
       (2883, 'Ntaba', 66),
       (2884, 'Mpata', 66),
       (2885, 'Chanikanguo', 81),
       (2886, 'Napupa', 81),
       (2887, 'Mumbaka', 81),
       (2888, 'Matawale', 81),
       (2889, 'Makambako', 94),
       (2890, 'Maguvani', 94),
       (2891, 'Kitisi', 94),
       (2892, 'Kivavi', 94),
       (2893, 'Pangani', 103),
       (2894, 'Mailimoja', 103),
       (2895, 'Tangini', 103),
       (2896, 'Picha ya ndege', 103),
       (2897, 'Sofu', 103),
       (2898, 'Mkuza', 103),
       (2899, 'Msangani', 103),
       (2900, 'Kibaha', 103),
       (2901, 'Kongowe', 103),
       (2902, 'Viziwa ziwa', 103),
       (2903, 'Misugusugu', 103),
       (2904, 'Visiga', 103),
       (2905, 'Mbwawa', 103),
       (2906, 'Gua', 129),
       (2907, 'Ngwala', 129),
       (2908, 'Mbangala', 129),
       (2909, 'Saza', 129),
       (2910, 'Mkwajuni', 129),
       (2911, 'Mwambani', 129),
       (2912, 'Totowe', 129),
       (2913, 'Mpona', 129),
       (2914, 'Namkukwe', 129),
       (2915, 'Galula', 129),
       (2916, 'Ifwenkenya', 129),
       (2917, 'Mkimbizi', 24),
       (2918, 'Igumbilo', 24),
       (2919, 'Utalingoro', 96),
       (2920, 'Chimba', 98),
       (2921, 'Finya', 98),
       (2922, 'Kifundi', 98),
       (2923, 'Kinowe', 98),
       (2924, 'Kinyasini', 98),
       (2925, 'Konde', 98),
       (2926, 'Majenzi', 98),
       (2927, 'Makangale', 98),
       (2928, 'Maziwa Ngombe', 98),
       (2929, 'Mgogoni', 98),
       (2930, 'Micheweni', 98),
       (2931, 'Mjini Wingwi', 98),
       (2932, 'Mlindo', 98),
       (2933, 'Msuka Magharibi', 98),
       (2934, 'Msuka Mashariki', 98),
       (2935, 'Mtemani', 98),
       (2936, 'Shumba Mjini', 98),
       (2937, 'Shumba Viamboni', 98),
       (2938, 'Sizini', 98),
       (2939, 'Tumbe Magharibi', 98),
       (2940, 'Tumbe Mashariki', 98),
       (2941, 'Wingwi Mapofu', 98),
       (2942, 'Wingwi Mjananza', 98),
       (2943, 'Bopwe', 99),
       (2944, 'Chwale', 99),
       (2945, 'Fundo', 99),
       (2946, 'Gando', 99),
       (2947, 'Jadida', 99),
       (2948, 'Junguni', 99),
       (2949, 'Kambini', 99),
       (2950, 'Kangagani', 99),
       (2951, 'Kinyikani', 99),
       (2952, 'Kipangani', 99),
       (2953, 'Kiungoni', 99),
       (2954, 'Kiuyu Kigongoni', 99),
       (2955, 'Kiuyu Minungwini', 99),
       (2956, 'Kizimbani', 99),
       (2957, 'Kojani', 99),
       (2958, 'Limbani', 99),
       (2959, 'Maziwani', 99),
       (2960, 'Mchanga Mdogo', 99),
       (2961, 'Mjini Ole', 99),
       (2962, 'Mpambani', 99),
       (2963, 'Mtambwe Kaskazini', 99),
       (2964, 'Mtambwe Kusini', 99),
       (2965, 'Mzambarauni Takao', 99),
       (2966, 'Ole', 99),
       (2967, 'Pandani', 99),
       (2968, 'Pembeni', 99),
       (2969, 'Piki', 99),
       (2970, 'Selem', 99),
       (2971, 'Shengejuu', 99),
       (2972, 'Ukunjwi', 99),
       (2973, 'Utaani', 99),
       (2974, 'Chachani', 100),
       (2975, 'Chanjaani', 100),
       (2976, 'Chonga', 100),
       (2977, 'Dodo', 100),
       (2978, 'Kibokoni', 100),
       (2979, 'Kichungwani', 100),
       (2980, 'Madungu', 100),
       (2981, 'Mbuzini', 100),
       (2982, 'Mfikiwa', 100),
       (2983, 'Mgelema', 100),
       (2984, 'Michungwani', 100),
       (2985, 'Mkoroshoni', 100),
       (2986, 'Msingini', 100),
       (2987, 'Mvumoni', 100),
       (2988, 'Ngambwa', 100),
       (2989, 'Pujini', 100),
       (2990, 'Shungi', 100),
       (2991, 'Tibirinzi', 100),
       (2992, 'Uwandani', 100),
       (2993, 'Vitongoji', 100),
       (2994, 'Wara', 100),
       (2995, 'Wawi', 100),
       (2996, 'Wesha', 100),
       (2997, 'Ziwani', 100),
       (2998, 'Chambani', 101),
       (2999, 'Changaweni', 101),
       (3000, 'Chokocho', 101),
       (3001, 'Jombwe', 101),
       (3002, 'Kangani', 101),
       (3003, 'Kendwa', 101),
       (3004, 'Kengeja', 101),
       (3005, 'Kisiwa Panza', 101),
       (3006, 'Kiwani', 101),
       (3007, 'Kuukuu', 101),
       (3008, 'Makombeni', 101),
       (3009, 'Makoongwe', 101),
       (3010, 'Mbuguani', 101),
       (3011, 'Mgagadu', 101),
       (3012, 'Michenzani', 101),
       (3013, 'Minazini', 101),
       (3014, 'Mizingani', 101),
       (3015, 'Mjimbini', 101),
       (3016, 'Mkanyageni', 101),
       (3017, 'Mkungu', 101),
       (3018, 'Mtambile', 101),
       (3019, 'Mtangani', 101),
       (3020, 'Muambe', 101),
       (3021, 'Ngombeni', 101),
       (3022, 'Ngwachani', 101),
       (3023, 'Shamiani', 101),
       (3024, 'Shidi', 101),
       (3025, 'Stahabu', 101),
       (3026, 'Ukutini', 101),
       (3027, 'Uweleni', 101),
       (3028, 'Wambaa', 101),
       (3029, 'Bububu', 145),
       (3030, 'Bumbwisudi', 145),
       (3031, 'Bweleo', 145),
       (3032, 'Chuini', 145),
       (3033, 'Chukwani', 145),
       (3034, 'Dole', 145),
       (3035, 'Fumba', 145),
       (3036, 'Fuoni Kibondeni', 145),
       (3037, 'Fuoni Kijitoupele', 145),
       (3038, 'Kama', 145),
       (3039, 'Kianga', 145),
       (3040, 'Kibweni', 145),
       (3041, 'Kiembesamaki', 145),
       (3042, 'Kihinani', 145),
       (3043, 'Kinuni', 145),
       (3044, 'Kisauni', 145),
       (3045, 'Kombeni', 145),
       (3046, 'Magogoni', 145),
       (3047, 'Maungani', 145),
       (3048, 'Meli nne', 145),
       (3049, 'Mfenesini', 145),
       (3050, 'Mombasa', 145),
       (3051, 'Mto Pepo', 145),
       (3052, 'Mtoni Kidatu', 145),
       (3053, 'Mtufaani', 145),
       (3054, 'Mwakaje', 145),
       (3055, 'Mwanakwerekwe', 145),
       (3056, 'Mwanyanya', 145),
       (3057, 'Nyamanzi', 145),
       (3058, 'Pangawe', 145),
       (3059, 'Shakani', 145),
       (3060, 'Sharifu Msa', 145),
       (3061, 'Tomondo', 145),
       (3062, 'Welezo', 145),
       (3063, 'Chumbuni', 146),
       (3064, 'Gulioni', 146),
       (3065, 'Jangombe', 146),
       (3066, 'Karakana', 146),
       (3067, 'Kidongo Chekundu', 146),
       (3068, 'Kikwajuni Bondeni', 146),
       (3069, 'Kikwajuni Juu', 146),
       (3070, 'Kilimahewa Bondeni', 146),
       (3071, 'Kilimahewa Juu', 146),
       (3072, 'Kiponda', 146),
       (3073, 'Kisimamajongoo', 146),
       (3074, 'Kisiwandui', 146),
       (3075, 'Kwa Wazee', 146),
       (3076, 'Kwaalimsha', 146),
       (3077, 'Kwaalinatu', 146),
       (3078, 'Kwahani', 146),
       (3079, 'Kwamtipura', 146),
       (3080, 'Makadara', 146),
       (3081, 'Matarumbeta', 146),
       (3082, 'Meya', 146),
       (3083, 'Migombani', 146),
       (3084, 'Mkele', 146),
       (3085, 'Mkunazini', 146),
       (3086, 'Mpendae', 146),
       (3087, 'Muembetanga', 146),
       (3088, 'Mwembeladu', 146),
       (3089, 'Mwembemakumbi', 146),
       (3090, 'Mwembeshauri', 146),
       (3091, 'Nyerere', 146),
       (3092, 'Sebleni', 146),
       (3093, 'Shangani', 146),
       (3094, 'Shaurimoyo', 146),
       (3095, 'Sogea', 146),
       (3096, 'Urusi', 146),
       (3097, 'Vikokotoni', 146),
       (3098, 'Bandamaji', 147),
       (3099, 'Bwereu', 147),
       (3100, 'Chaani Kubwa', 147),
       (3101, 'Chaani Masingini', 147),
       (3102, 'Chutama', 147),
       (3103, 'Fukuchani', 147),
       (3104, 'Gamba', 147),
       (3105, 'Kandwi', 147),
       (3106, 'Kibeni', 147),
       (3107, 'Kidombo', 147),
       (3108, 'Kidoti', 147),
       (3109, 'Kigomani', 147),
       (3110, 'Kigunda', 147),
       (3111, 'Kijini', 147),
       (3112, 'Kikobweni', 147),
       (3113, 'Kisongoni', 147),
       (3114, 'Kivunge', 147),
       (3115, 'Matemwe', 147),
       (3116, 'Mchenza Shauri', 147),
       (3117, 'Mkokotoni', 147),
       (3118, 'Moga', 147),
       (3119, 'Mto wa Pwani', 147),
       (3120, 'Muwange', 147),
       (3121, 'Nungwi', 147),
       (3122, 'Pale', 147),
       (3123, 'Pitanazako', 147),
       (3124, 'Potoa', 147),
       (3125, 'Pwani Mchangani', 147),
       (3126, 'Tazari', 147),
       (3127, 'Tumbatu Gomani', 147),
       (3128, 'Tumbatu Jongowe', 147),
       (3129, 'Uvivini', 147),
       (3130, 'Donge Karange', 148),
       (3131, 'Donge Kipange', 148),
       (3132, 'Donge Mbiji', 148),
       (3133, 'Donge Mchangani', 148),
       (3134, 'Donge Mtambile', 148),
       (3135, 'Donge Vijibweni', 148),
       (3136, 'Fujoni', 148),
       (3137, 'Kidanzini', 148),
       (3138, 'Kilombero', 148),
       (3139, 'Kinduni', 148),
       (3140, 'Kiombamvua', 148),
       (3141, 'Kitope', 148),
       (3142, 'Kiwengwa', 148),
       (3143, 'Mafufuni', 148),
       (3144, 'Mahonda', 148),
       (3145, 'Makoba', 148),
       (3146, 'Matetema', 148),
       (3147, 'Mbaleni', 148),
       (3148, 'Mkadini', 148),
       (3149, 'Mkataleni', 148),
       (3150, 'Mnyimbi', 148),
       (3151, 'Muwanda', 148),
       (3152, 'Njia ya Mtoni', 148),
       (3153, 'Pangeni', 148),
       (3154, 'Upenja', 148),
       (3155, 'Zingwezingwe', 148),
       (3156, 'Bambi', 149),
       (3157, 'Binguni', 149),
       (3158, 'Bungi', 149),
       (3159, 'Charawe', 149),
       (3160, 'Cheju', 149),
       (3161, 'Chwaka', 149),
       (3162, 'Dunga Bweni', 149),
       (3163, 'Dunga Kiembeni', 149),
       (3164, 'Ghana', 149),
       (3165, 'Jendele', 149),
       (3166, 'Jumbi', 149),
       (3167, 'Kaebona', 149),
       (3168, 'Kaepwani', 149),
       (3169, 'Kiboje Mkwajuni', 149),
       (3170, 'Kiboje Mwembeshauri', 149),
       (3171, 'Kidimni', 149),
       (3172, 'Kikungwi', 149),
       (3173, 'Koani', 149),
       (3174, 'Machui', 149),
       (3175, 'Marumbi', 149),
       (3176, 'Mgeni Haji', 149),
       (3177, 'Michamvi', 149),
       (3178, 'Mitakawani', 149),
       (3179, 'Miwani', 149),
       (3180, 'Ndijani Mseweni', 149),
       (3181, 'Pagali', 149),
       (3182, 'Tindini', 149),
       (3183, 'Tunduni', 149),
       (3184, 'Tunguu', 149),
       (3185, 'Ubago', 149),
       (3186, 'Ukongoroni', 149),
       (3187, 'Umbuji', 149),
       (3188, 'Uroa', 149),
       (3189, 'Uzi', 149),
       (3190, 'Uzini', 149),
       (3191, 'Bwejuu', 150),
       (3192, 'Dongwe', 150),
       (3193, 'Jambiani Kibigija', 150),
       (3194, 'Jambiani Kikadini', 150),
       (3195, 'Kajengwa', 150),
       (3196, 'Kibuteni', 150),
       (3197, 'Kiongoni', 150),
       (3198, 'Kitogani', 150),
       (3199, 'Kizimkazi Dimbani', 150),
       (3200, 'Kizimkazi Mkunguni', 150),
       (3201, 'Mtende', 150),
       (3202, 'Muungoni', 150),
       (3203, 'Muyuni B', 150),
       (3204, 'Muyuni C', 150),
       (3205, 'Muyuni A', 150),
       (3206, 'Mzuri', 150),
       (3207, 'Nganani', 150),
       (3208, 'Paje', 150),
       (3209, 'Pete', 150),
       (3210, 'Tasani', 150),
       (3211, 'Mabibo', 11),
       (3212, 'Msigani', 11),
       (3213, 'Mburahati', 11),
       (3214, 'Makuburi', 11),
       (3215, 'Makurumla', 11),
       (3216, 'Kwembe', 11),
       (3217, 'Manzese', 11),
       (3218, 'Ubungo', 11),
       (3219, 'Kibamba', 11),
       (3220, 'Goba', 11),
       (3221, 'Kimara', 11),
       (3222, 'Mbezi', 11),
       (3223, 'Saranga', 11),
       (3224, 'Kimandolu', 1),
       (3225, 'Baraa', 1),
       (3226, 'Moshono', 1),
       (3227, 'Moivaro', 1),
       (3228, 'Lemara', 1),
       (3229, 'Sokon I', 1),
       (3230, 'Sinoni', 1),
       (3231, 'Muriet', 1),
       (3232, 'Sombetini', 1),
       (3233, 'Osunyai Jr', 1),
       (3234, 'Elerai', 1),
       (3235, 'Sakina', 1),
       (3236, 'Olasiti', 1),
       (3237, 'Olmoti', 1),
       (3238, 'Kati', 1),
       (3239, 'Daraja Ii', 1),
       (3240, 'Themi', 1),
       (3241, 'Ngarenaro', 1),
       (3242, 'Levolosi', 1),
       (3243, 'Unga Ltd', 1),
       (3244, 'Sekei', 1),
       (3245, 'Kalangalala', 21),
       (3246, 'Buhalahala', 21),
       (3247, 'Nyankumbu', 21),
       (3248, 'Mtakuja', 21),
       (3249, 'Mgusu', 21),
       (3250, 'Kasamwa', 21),
       (3251, 'Kanyala', 21),
       (3252, 'Bungwangoko', 21),
       (3253, 'Bulela', 21),
       (3254, 'Shiloleli', 21),
       (3255, 'Nyanguku', 21),
       (3256, 'Ihanamilo', 21),
       (3257, 'Kumnyika', 40),
       (3258, 'Murubona', 40),
       (3259, 'Murusi', 40),
       (3260, 'Mwilavya', 40),
       (3261, 'Heru Juu', 40),
       (3262, 'Kimobwa', 40),
       (3263, 'Forest', 70),
       (3264, 'Iduda', 70),
       (3265, 'Iganjo', 70),
       (3266, 'Igawilo', 70),
       (3267, 'Ilomba', 70),
       (3268, 'Itezi', 70),
       (3269, 'Iwambi', 70),
       (3270, 'Iyela', 70),
       (3271, 'Iyunga', 70),
       (3272, 'Kalobe', 70),
       (3273, 'Maanga', 70),
       (3274, 'Mabatini', 70),
       (3275, 'Mbalizi Road', 70),
       (3276, 'Mwakibete', 70),
       (3277, 'Mwansanga', 70),
       (3278, 'Nsalaga', 70),
       (3279, 'Nzovwe', 70),
       (3280, 'Sinde', 70),
       (3281, 'Tembela', 70),
       (3282, 'Uyole', 70),
       (3283, 'Iganzo', 70),
       (3284, 'Ilemi', 70),
       (3285, 'Isyesye', 70),
       (3286, 'Itagano', 70),
       (3287, 'Itende', 70),
       (3288, 'Itiji', 70),
       (3289, 'Iziwa', 70),
       (3290, 'Maendeleo', 70),
       (3291, 'Mwansenkwa', 70),
       (3292, 'Nonde', 70),
       (3293, 'Nsoho', 70),
       (3294, 'Sisimba', 70),
       (3295, 'Mwembesongo', 77),
       (3296, 'Mafisa', 77),
       (3297, 'Kingolwira', 77),
       (3298, 'Mzinga', 77),
       (3299, 'Luhungo', 77),
       (3300, 'Kauzeni', 77),
       (3301, 'Magadu', 77),
       (3302, 'Lukobe', 77),
       (3303, 'Kihonda', 77),
       (3304, 'Kihonda Maghorofani', 77),
       (3305, 'Mazimbu', 77),
       (3306, 'Uwanja wa Taifa', 77),
       (3307, 'Saba Saba', 77),
       (3308, 'Sultan Area', 77),
       (3309, 'Mafiga', 77),
       (3310, 'Bigwa', 77),
       (3311, 'Kingo', 77),
       (3312, 'Mji Mkuu', 77),
       (3313, 'Naliandele', 82),
       (3314, 'Ufukoni', 82),
       (3315, 'Likombe', 82),
       (3316, 'Vigaeni', 82),
       (3317, 'Reli', 82),
       (3318, 'Chuno', 82),
       (3319, 'Mitengo', 82),
       (3320, 'Kisungule', 82),
       (3321, 'Magengeni', 82),
       (3322, 'Bonde la Usongwe', 151),
       (3323, 'Igale', 151),
       (3324, 'Ihango', 151),
       (3325, 'Ijombe', 151),
       (3326, 'Ikukwa', 151),
       (3327, 'Ilembo', 151),
       (3328, 'Ilungu', 151),
       (3329, 'Inyala', 151),
       (3330, 'Isuto', 151),
       (3331, 'Itawa', 151),
       (3332, 'Iwiji', 151),
       (3333, 'Iwindi', 151),
       (3334, 'Iyunga Mapinduzi', 151),
       (3335, 'Lwanjiro', 151),
       (3336, 'Mshewe', 151),
       (3337, 'Santilya', 151),
       (3338, 'Ulenje', 151),
       (3339, 'Utengule Usongwe', 151),
       (3340, 'Chawi', 152),
       (3341, 'Dihimba', 152),
       (3342, 'Kiromba', 152),
       (3343, 'Kitaya', 152),
       (3344, 'Kitere', 152),
       (3345, 'Kiyanga', 152),
       (3346, 'Libobe', 152),
       (3347, 'Madimba', 152),
       (3348, 'Mahurunga', 152),
       (3349, 'Mayanga', 152),
       (3350, 'Mbawala', 152),
       (3351, 'Mbembaleo', 152),
       (3352, 'Milangominne', 152),
       (3353, 'Mnima', 152),
       (3354, 'Mpapura', 152),
       (3355, 'Msanga Mkuu', 152),
       (3356, 'Mtimbwilimbwi', 152),
       (3357, 'Mtiniko', 152),
       (3358, 'Namtumbuka', 152),
       (3359, 'Nanyamba', 152),
       (3360, 'Naumbu', 152),
       (3361, 'Ndumbwe', 152),
       (3362, 'Nitekela', 152),
       (3363, 'Njengwa', 152),
       (3364, 'Tangazo', 152),
       (3365, 'Ziwani', 152),
       (3366, 'Nanguruwe', 152),
       (3367, 'Muungano', 152),
       (3368, 'Chawi', 152),
       (3369, 'Itumba', 153),
       (3370, 'Ikinga', 153),
       (3371, 'Kafule', 153),
       (3372, 'Malangali', 153),
       (3373, 'Bupigu', 153),
       (3374, 'Isongole', 153),
       (3375, 'Chitete', 153),
       (3376, 'Mbebe', 153),
       (3377, 'Mlale', 153),
       (3378, 'Kalembo', 153),
       (3379, 'Itale', 153),
       (3380, 'Ibaba', 153),
       (3381, 'Ndola', 153),
       (3382, 'Luswisi', 153),
       (3383, 'Ngulilo', 153),
       (3384, 'Lubanda', 153),
       (3385, 'Ngulugulu', 153),
       (3386, 'Sange', 153),
       (3387, 'Tunduma', 154),
       (3388, 'Mpemba', 154),
       (3389, 'Chiwezi', 154),
       (3390, 'Katete', 154),
       (3391, 'makambini', 154),
       (3392, 'Chapwa', 154),
       (3393, 'Chipaka', 154),
       (3394, 'Majengo', 154),
       (3395, 'Kaloleni', 154),
       (3396, 'Maporomoko', 154),
       (3397, 'Mpande', 154),
       (3398, 'Muungano', 154),
       (3399, 'Mwaka Kati', 154),
       (3400, 'Uwanjani', 154),
       (3401, 'Sogea', 154),
       (3402, 'Chilulumo', 154),
       (3403, 'Ndalambo', 154),
       (3404, 'Kapele', 154),
       (3405, 'Nzoka', 154),
       (3406, 'Miyunga', 154),
       (3407, 'Ikana', 154),
       (3408, 'Kamsamba', 154),
       (3409, 'Ivuna', 154),
       (3410, 'Mpapa', 154),
       (3411, 'Mkulwe', 154),
       (3412, 'Chitete', 154),
       (3413, 'Msangano', 154),
       (3414, 'Mkomba', 154),
       (3415, 'Nkangamo', 154),
       (3416, 'Ihanda', 71),
       (3417, 'Mlangali', 71),
       (3418, 'Overseas', 155),
       (3419, 'Bukumi', 62),
       (3420, 'Suguti', 62),
       (3421, 'Tegeruka', 62),
       (3422, 'Kiriba', 62),
       (3423, 'Busambara', 62),
       (3424, 'Mugango', 62),
       (3425, 'Makojo', 62),
       (3426, 'Bwasi', 62),
       (3427, 'Bulinga', 62),
       (3428, 'Bukima', 62),
       (3429, 'Murangi', 62),
       (3430, 'Bugwema', 62),
       (3431, 'Nyamrandirira', 62),
       (3432, 'Nyambono', 62),
       (3433, 'Mukendo', 62),
       (3434, 'Magara', 55),
       (3435, 'Riroda', 55),
       (3436, 'Arri', 55),
       (3437, 'Dareda', 55),
       (3438, 'Dabil', 55),
       (3439, 'Ufana', 55),
       (3440, 'Bashnet', 55),
       (3441, 'Madunga', 55),
       (3442, 'Kiru', 55),
       (3443, 'Magugu', 55),
       (3444, 'Baoy', 55),
       (3445, 'Nkaiti', 55),
       (3446, 'Nar', 55),
       (3447, 'Endakiso', 55),
       (3448, 'Mwada', 55),
       (3449, 'Mamire', 55),
       (3450, 'Gallapo', 55),
       (3451, 'Qash', 55),
       (3452, 'Ayasanda', 55),
       (3453, 'Gidas', 55),
       (3454, 'Duru', 55),
       (3455, 'Ilemela', 86),
       (3456, 'Mpela', 134),
       (3457, 'Mwinyi', 134),
       (3458, 'Nyarugusu', 21),
       (3459, 'Bukoli', 21),
       (3460, 'Kagu', 21),
       (3461, 'Bugalama', 21),
       (3462, 'Lubanga', 21),
       (3463, 'Isulwabutundwe', 21),
       (3464, 'Kamena', 21),
       (3465, 'Nyamalimbe', 21),
       (3466, 'Bugulula', 21),
       (3467, 'Bujula', 21),
       (3468, 'Butobela', 21),
       (3469, 'Nyakamwaga', 21),
       (3470, 'Lwamgasa', 21),
       (3471, 'Kaseme', 21),
       (3472, 'Busanda', 21),
       (3473, 'Katoro', 21),
       (3474, 'Nyamigota', 21),
       (3475, 'Senga', 21),
       (3476, 'Nyakagomba', 21),
       (3477, 'Nyachiluluma', 21),
       (3478, 'Bukondo', 21),
       (3479, 'Chigunga', 21),
       (3480, 'Nyamwilolelwa', 21),
       (3481, 'Butundwe', 21),
       (3482, 'Magenge', 21),
       (3483, 'Ludete', 21),
       (3484, 'Nyaruyeye', 21),
       (3485, 'Nyalwanzaja', 21),
       (3486, 'Kakubilo', 21),
       (3487, 'Izumacheli', 21),
       (3488, 'Nyamboge', 21),
       (3489, 'Nyawilimilwa', 21),
       (3490, 'Nkome', 21),
       (3491, 'Katoma', 21),
       (3492, 'Nzera', 21),
       (3493, 'Lwezera', 21),
       (3494, 'Kamhanga', 21),
       (3495, 'Kitete', 134),
       (3496, 'Magomeni', 76),
       (3497, 'Ikoma', 64),
       (3498, 'Matongo', 65),
       (3499, 'Kilimani', 111),
       (3500, 'Kasanga', 77),
       (3501, 'Mkambarani', 77),
       (3502, 'Mikese', 77),
       (3503, 'Kidugalo', 77),
       (3504, 'Mkulazi', 77),
       (3505, 'Ngerengere', 77),
       (3506, 'Tununguo', 77),
       (3507, 'Kinole', 77),
       (3508, 'Kiroka', 77),
       (3509, 'Mkuyuni', 77),
       (3510, 'Tegetero', 77),
       (3511, 'Kolero', 77),
       (3512, 'Kibogwa', 77),
       (3513, 'Kibungo Juu', 77),
       (3514, 'Kisemu', 77),
       (3515, 'Lundi', 77),
       (3516, 'Mtombozi', 77),
       (3517, 'Tawa', 77),
       (3518, 'Matuli', 77),
       (3519, 'Gwata', 77),
       (3520, 'Konde', 77),
       (3521, 'Bungu', 77),
       (3522, 'Mvuha', 77),
       (3523, 'Selembala', 77),
       (3524, 'Bwakila Chini', 77),
       (3525, 'Bwakila Juu', 77),
       (3526, 'Kisaki', 77),
       (3527, 'Mngazi', 77),
       (3528, 'Singisa', 77),
       (3529, 'Sabasaba', 77),
       (3530, 'Boma', 77),
       (3531, 'Oldonyosambu', 1),
       (3532, 'Oltrumet', 1),
       (3533, 'Mwandeti', 1),
       (3534, 'Mussa', 1),
       (3535, 'Kisongo', 1),
       (3536, 'Mateves', 1),
       (3537, 'Oljoro', 1),
       (3538, 'Bwawani', 1),
       (3539, 'Nduruma', 1),
       (3540, 'Mlangarini', 1),
       (3541, 'Sambasha', 1),
       (3542, 'Olkokola', 1),
       (3543, 'Olorieni', 1),
       (3544, 'Olmotonyi', 1),
       (3545, 'Ilkidinga', 1),
       (3546, 'Bangata', 1),
       (3547, 'Sokon II', 1),
       (3548, 'Oltoroto', 1),
       (3549, 'Moivo', 1),
       (3550, 'Kiranyi', 1),
       (3551, 'Kimnyaki', 1),
       (3552, 'Nyegezi', 90),
       (3553, 'Chanika', 30),
       (3554, 'Makuyuni', 45),
       (3555, 'Majengo', 42),
       (3556, 'Mkongo', 114),
       (3557, 'Duga', 144),
       (3558, 'Mtwango', 96),
       (3559, 'Kiloleli', 133),
       (3560, 'Gehandu', 58),
       (3561, 'Mlimani', 77),
       (3562, 'Gwata', 103),
       (3563, 'Janga', 103),
       (3564, 'Bokomnemela', 103),
       (3565, 'Dutumi', 103),
       (3566, 'Magindu', 103),
       (3567, 'Soga', 103),
       (3568, 'Kikongo', 103),
       (3569, 'Ruvu', 103),
       (3570, 'Mlandizi', 103),
       (3571, 'Kwala', 103),
       (3572, 'Kilangalanga', 103),
       (3573, 'Maili Moja', 103),
       (3574, 'Buzuruga', 86),
       (3575, 'Nkoma', 123),
       (3576, 'Butimba', 90),
       (3577, 'Nyakato', 86),
       (3578, 'Ndanda', 80),
       (3579, 'Kituntu', 30),
       (3580, 'Kilakala', 77),
       (3581, 'Luchelele', 90),
       (3582, 'Swaya', 151),
       (3583, 'Uhuru', 58),
       (3584, 'Masqaroda', 58),
       (3585, 'Igalula', 136),
       (3586, 'Rahaleo', 82),
       (3587, 'Kisesa', 123),
       (3588, 'Kichangani', 77),
       (3589, 'Masoko', 50),
       (3590, 'Nyasaka', 86),
       (3591, 'Shangani', 82),
       (3592, 'Miembeni', 45),
       (3593, 'Njia Panda', 45),
       (3594, 'Mbuyuni', 77),
       (3595, 'Malolo', 76),
       (3596, 'Majengo', 141),
       (3597, 'Mbaramo', 141),
       (3598, 'Tungi', 77),
       (3599, 'Mwanga', 46),
       (3600, 'Songoro', 4),
       (3601, 'Udinde', 129),
       (3602, 'Ruanda', 70),
       (3603, 'Majengo', 45),
       (3604, 'Malindi', 146),
       (3605, 'Ghana', 70),
       (3606, 'Jangwani', 82),
       (3607, 'Kiwanja cha Ndege', 77),
       (3608, 'Matare', 64),
       (3609, 'Magomeni', 82),
       (3610, 'Chikongola', 82),
       (3611, 'Chamwino', 77),
       (3612, 'Mnadani', 44),
       (3614, 'Mabatini', 90),
       (3615, 'Kipunguni B', 7),
       (3616, 'Mbogwe', 132),
       (3617, 'Mamba', 35),
       (3618, 'Kikole', 50),
       (3619, 'Ndato', 72),
       (3620, 'Simbo', 130),
       (3621, 'Mbugani', 134),
       (3622, 'Mlali', 78),
       (3623, 'Magomeni', 146),
       (3624, 'Mkundi', 85),
       (3625, 'Malolo', 134),
       (3626, 'Mbugani', 67),
       (3627, 'Ruanda', 111),
       (3628, 'Mji Mpya', 77),
       (3629, 'Mtawanya', 82),
       (3630, 'Majengo', 144),
       (3631, 'Chemchem', 134),
       (3632, 'Mahenge', 25),
       (3633, 'Kanga', 129),
       (3634, 'Majengo', 82),
       (3635, 'Itete', 66),
       (3636, 'Ndagoni', 100),
       (3637, 'Mkundi', 77);
